defect_id,order_id,equipment_id,defect_type,severity,defect_date,defect_status
1,171,5,Поверхностный,1,2025-12-10,устранён
2,120,1,Геометрический,5,2025-11-09,устранён
3,121,4,Поверхностный,1,2025-11-20,списан
4,117,2,Размерный,2,2025-07-22,устранён
5,146,5,Размерный,2,2025-12-31,на доработке
6,42,4,Геометрический,5,2025-03-23,устранён
7,14,1,Геометрический,4,2025-12-04,устранён
8,120,3,Размерный,1,2025-07-24,устранён
9,15,4,Геометрический,3,2025-12-12,списан
10,217,2,Поверхностный,4,2025-12-04,на доработке
11,131,2,Геометрический,2,2025-10-02,устранён
12,161,4,Геометрический,3,2025-12-29,на доработке
13,154,3,Размерный,4,2025-12-22,списан
14,7,6,Поверхностный,4,2025-07-08,на доработке
15,129,1,Геометрический,2,2025-04-28,на доработке
16,186,5,Сборочный,4,2025-05-14,на доработке
17,80,1,Поверхностный,3,2025-06-03,устранён
18,199,1,Поверхностный,1,2025-10-28,устранён
19,195,4,Размерный,5,2025-01-02,устранён
20,30,1,Размерный,2,2025-02-13,устранён
21,78,6,Поверхностный,4,2025-10-09,устранён
22,48,4,Размерный,2,2025-08-22,списан
23,79,5,Сборочный,1,2025-09-11,устранён
24,130,4,Размерный,3,2025-02-15,на доработке
25,12,2,Размерный,4,2025-03-19,устранён
26,162,4,Геометрический,5,2025-07-11,устранён
27,18,4,Размерный,3,2025-09-03,устранён
28,51,3,Поверхностный,4,2025-06-04,на доработке
29,101,3,Геометрический,3,2025-05-23,устранён
30,122,5,Сборочный,5,2025-10-20,устранён
31,131,5,Поверхностный,1,2025-06-03,устранён
32,149,1,Сборочный,2,2025-02-04,устранён
33,14,2,Размерный,4,2025-04-29,устранён
34,169,2,Поверхностный,1,2025-05-25,на доработке
35,223,3,Геометрический,4,2025-12-25,на доработке
36,141,2,Поверхностный,5,2025-08-02,на доработке
37,82,5,Сборочный,2,2025-01-12,на доработке
38,98,6,Размерный,5,2025-11-03,устранён
39,185,4,Геометрический,2,2025-01-08,устранён
40,124,5,Размерный,2,2025-07-31,устранён
41,36,5,Поверхностный,4,2025-09-10,на доработке
42,182,2,Геометрический,5,2025-08-24,устранён
43,167,4,Размерный,1,2025-05-09,на доработке
44,38,6,Геометрический,4,2025-03-27,устранён
45,119,6,Поверхностный,1,2025-02-20,на доработке
46,152,3,Поверхностный,5,2025-09-05,устранён
47,57,6,Сборочный,1,2025-01-18,устранён
48,57,4,Размерный,4,2025-10-31,устранён
49,74,6,Геометрический,4,2025-02-01,списан
50,25,3,Сборочный,2,2025-02-26,устранён
51,126,5,Сборочный,1,2025-08-01,устранён
52,175,1,Геометрический,2,2025-03-25,устранён
53,114,5,Поверхностный,2,2025-04-20,устранён
54,72,5,Поверхностный,4,2025-11-05,устранён
55,180,1,Сборочный,2,2025-07-05,устранён
56,161,5,Размерный,1,2025-11-20,на доработке
57,210,5,Поверхностный,3,2025-10-06,устранён
58,208,1,Размерный,2,2025-11-05,устранён
59,18,1,Размерный,5,2025-07-01,устранён
60,29,3,Поверхностный,3,2025-07-05,устранён
61,76,2,Сборочный,4,2025-06-05,устранён
62,229,6,Размерный,2,2025-05-07,на доработке
63,26,2,Размерный,4,2025-01-16,устранён
64,188,1,Размерный,5,2025-01-05,устранён
65,52,5,Геометрический,5,2025-06-27,на доработке
66,127,4,Размерный,3,2025-09-12,на доработке
67,228,5,Поверхностный,1,2025-01-11,на доработке
68,189,5,Сборочный,5,2025-12-07,устранён
69,237,1,Сборочный,5,2025-05-31,списан
70,222,5,Сборочный,4,2025-04-14,устранён
71,53,2,Геометрический,4,2025-03-31,на доработке
72,240,1,Размерный,1,2025-01-12,устранён
73,182,4,Размерный,3,2025-07-16,списан
74,226,5,Сборочный,2,2025-12-31,на доработке
75,78,3,Поверхностный,4,2025-06-30,устранён
76,56,1,Размерный,5,2025-09-13,списан
77,171,1,Сборочный,5,2025-08-09,устранён
78,51,2,Размерный,4,2025-12-17,на доработке
79,232,4,Геометрический,4,2025-04-08,на доработке
80,195,1,Геометрический,5,2025-05-26,на доработке
81,63,1,Сборочный,2,2025-04-15,устранён
82,93,1,Сборочный,5,2025-07-26,устранён
83,80,4,Размерный,5,2025-12-20,устранён
84,167,2,Геометрический,3,2025-12-13,на доработке
85,174,2,Поверхностный,2,2025-02-18,устранён
86,151,6,Размерный,1,2025-02-28,устранён
87,199,2,Геометрический,3,2025-10-26,устранён
88,216,1,Размерный,2,2025-03-21,устранён
89,205,3,Размерный,4,2025-07-14,на доработке
90,86,2,Геометрический,2,2025-05-04,устранён
91,55,5,Размерный,4,2025-12-17,на доработке
92,186,6,Геометрический,4,2025-07-26,на доработке
93,16,5,Геометрический,1,2025-02-06,на доработке
94,158,5,Поверхностный,4,2025-12-22,на доработке
95,19,5,Размерный,1,2025-04-27,устранён
96,34,2,Геометрический,2,2025-02-11,устранён
97,231,5,Поверхностный,2,2025-01-10,на доработке
98,188,3,Геометрический,1,2025-04-02,списан
99,78,5,Поверхностный,5,2025-02-18,устранён
100,69,2,Геометрический,4,2025-10-23,устранён
101,63,3,Размерный,2,2025-06-10,устранён
102,97,6,Геометрический,3,2025-10-19,устранён
103,10,6,Геометрический,1,2025-03-12,устранён
104,21,4,Сборочный,4,2025-07-01,на доработке
105,5,5,Поверхностный,1,2025-04-03,на доработке
106,97,1,Геометрический,3,2025-10-04,устранён
107,40,3,Геометрический,5,2025-02-24,устранён
108,172,5,Поверхностный,5,2025-07-03,списан
109,215,6,Сборочный,5,2025-03-28,на доработке
110,66,3,Сборочный,2,2025-02-11,списан
111,73,1,Сборочный,2,2025-03-04,на доработке
112,19,1,Геометрический,2,2025-09-03,устранён
113,81,4,Размерный,5,2025-07-16,устранён
114,196,5,Геометрический,4,2025-11-03,устранён
115,69,2,Поверхностный,1,2025-07-30,на доработке
116,17,6,Размерный,3,2025-04-09,устранён
117,129,4,Геометрический,4,2025-07-07,на доработке
118,214,3,Сборочный,5,2025-03-17,на доработке
119,213,1,Геометрический,1,2025-01-10,устранён
120,59,6,Сборочный,4,2025-12-08,устранён
