order_id,operation_seq,equipment_id,operation_name,start_time,end_time,employee_id,setup_time_hours
1,1,6,Токарная,1/1/2025 0:00,1/1/2025 3:14,1,0.7
1,2,2,Фрезерная,1/1/2025 4:06,1/1/2025 4:42,3,0.1
1,3,3,Сверлильная,1/1/2025 5:09,1/1/2025 7:03,1,0.3
1,4,2,Сборка,1/1/2025 7:43,1/1/2025 11:20,2,0.1
1,5,4,Контроль,1/1/2025 12:11,1/1/2025 15:57,3,1
2,1,4,Токарная,1/4/2025 0:00,1/4/2025 2:28,1,0.5
2,2,6,Фрезерная,1/4/2025 3:10,1/4/2025 7:55,1,0.2
2,3,2,Сверлильная,1/4/2025 8:52,1/4/2025 10:42,2,0.8
2,4,1,Сборка,1/4/2025 11:32,1/4/2025 15:36,2,0.3
2,5,1,Контроль,1/4/2025 15:57,1/4/2025 16:40,2,0.9
3,1,6,Токарная,1/7/2025 0:00,1/7/2025 4:35,3,0.4
3,2,5,Фрезерная,1/7/2025 5:05,1/7/2025 6:03,2,0.7
3,3,6,Сверлильная,1/7/2025 6:44,1/7/2025 8:28,2,0.5
4,1,6,Токарная,1/10/2025 0:00,1/10/2025 1:10,2,0.1
4,2,6,Фрезерная,1/10/2025 1:51,1/10/2025 4:53,2,0.7
4,3,1,Сверлильная,1/10/2025 5:50,1/10/2025 6:46,3,0.6
4,4,2,Сборка,1/10/2025 7:17,1/10/2025 10:34,1,0.9
4,5,1,Контроль,1/10/2025 11:31,1/10/2025 14:53,2,0.5
4,6,2,Контроль,1/10/2025 15:25,1/10/2025 19:04,2,0.2
5,1,3,Токарная,1/13/2025 0:00,1/13/2025 3:42,1,0.4
5,2,5,Фрезерная,1/13/2025 4:37,1/13/2025 5:35,3,0.8
5,3,1,Сверлильная,1/13/2025 5:50,1/13/2025 9:03,3,0.7
5,4,6,Сборка,1/13/2025 9:47,1/13/2025 14:03,2,0.7
5,5,6,Контроль,1/13/2025 14:54,1/13/2025 17:55,2,0.5
6,1,4,Токарная,1/16/2025 0:00,1/16/2025 1:05,3,0.3
6,2,2,Фрезерная,1/16/2025 2:01,1/16/2025 5:51,2,0.5
6,3,1,Сверлильная,1/16/2025 6:04,1/16/2025 9:54,1,0.9
6,4,2,Сборка,1/16/2025 10:41,1/16/2025 12:54,1,0.7
7,1,4,Токарная,1/19/2025 0:00,1/19/2025 4:18,3,0.6
7,2,3,Фрезерная,1/19/2025 4:56,1/19/2025 5:37,1,1.1
7,3,2,Сверлильная,1/19/2025 6:30,1/19/2025 7:16,1,0.7
7,4,6,Сборка,1/19/2025 8:09,1/19/2025 8:50,3,0.8
7,5,1,Контроль,1/19/2025 9:25,1/19/2025 12:23,3,0.5
8,1,1,Токарная,1/22/2025 0:00,1/22/2025 3:47,2,0.9
8,2,3,Фрезерная,1/22/2025 4:03,1/22/2025 6:55,2,0.9
8,3,2,Сверлильная,1/22/2025 7:44,1/22/2025 8:39,3,0.1
8,4,2,Сборка,1/22/2025 9:06,1/22/2025 11:01,3,0.5
8,5,3,Контроль,1/22/2025 11:12,1/22/2025 13:58,2,1.1
8,6,6,Контроль,1/22/2025 14:25,1/22/2025 16:16,3,0.3
9,1,1,Токарная,1/25/2025 0:00,1/25/2025 2:12,2,0.8
9,2,4,Фрезерная,1/25/2025 2:51,1/25/2025 5:08,1,0.2
9,3,2,Сверлильная,1/25/2025 5:15,1/25/2025 8:35,3,0.7
9,4,1,Сборка,1/25/2025 9:23,1/25/2025 10:31,1,0.6
9,5,1,Контроль,1/25/2025 11:00,1/25/2025 14:59,1,1
10,1,2,Токарная,1/28/2025 0:00,1/28/2025 4:16,2,1.1
10,2,5,Фрезерная,1/28/2025 5:15,1/28/2025 10:13,2,0.3
10,3,6,Сверлильная,1/28/2025 10:56,1/28/2025 11:54,1,0.5
10,4,4,Сборка,1/28/2025 12:42,1/28/2025 16:16,3,0.9
11,1,6,Токарная,1/31/2025 0:00,1/31/2025 1:34,1,0.3
11,2,6,Фрезерная,1/31/2025 2:23,1/31/2025 5:14,2,0.4
11,3,1,Сверлильная,1/31/2025 5:36,1/31/2025 8:38,1,0.9
11,4,3,Сборка,1/31/2025 8:57,1/31/2025 11:46,2,0.5
12,1,6,Токарная,2/3/2025 0:00,2/3/2025 3:47,3,0.2
12,2,4,Фрезерная,2/3/2025 4:16,2/3/2025 8:04,3,0.8
12,3,6,Сверлильная,2/3/2025 8:28,2/3/2025 10:00,1,0.3
12,4,2,Сборка,2/3/2025 10:49,2/3/2025 13:05,1,1
12,5,2,Контроль,2/3/2025 13:50,2/3/2025 18:20,3,0.8
13,1,6,Токарная,2/6/2025 0:00,2/6/2025 4:50,3,0.7
13,2,3,Фрезерная,2/6/2025 5:43,2/6/2025 6:21,2,0.1
13,3,2,Сверлильная,2/6/2025 7:07,2/6/2025 10:34,2,0.1
14,1,3,Токарная,2/9/2025 0:00,2/9/2025 3:09,2,0.8
14,2,1,Фрезерная,2/9/2025 4:00,2/9/2025 5:58,2,0.5
14,3,1,Сверлильная,2/9/2025 6:36,2/9/2025 11:32,3,1.1
14,4,1,Сборка,2/9/2025 12:04,2/9/2025 13:02,3,0.9
14,5,1,Контроль,2/9/2025 13:40,2/9/2025 16:59,3,0.8
15,1,4,Токарная,2/12/2025 0:00,2/12/2025 4:15,3,0.6
15,2,5,Фрезерная,2/12/2025 4:27,2/12/2025 9:07,2,0.2
15,3,4,Сверлильная,2/12/2025 9:17,2/12/2025 10:23,1,0.5
16,1,5,Токарная,2/15/2025 0:00,2/15/2025 2:23,2,0.3
16,2,2,Фрезерная,2/15/2025 2:30,2/15/2025 3:55,3,0.1
16,3,3,Сверлильная,2/15/2025 4:05,2/15/2025 8:10,1,1.1
17,1,3,Токарная,2/18/2025 0:00,2/18/2025 4:58,1,0.9
17,2,4,Фрезерная,2/18/2025 5:55,2/18/2025 9:14,3,1.1
17,3,5,Сверлильная,2/18/2025 9:56,2/18/2025 13:33,3,1
18,1,2,Токарная,2/21/2025 0:00,2/21/2025 0:52,2,1.1
18,2,2,Фрезерная,2/21/2025 1:49,2/21/2025 4:56,2,0.7
18,3,5,Сверлильная,2/21/2025 5:02,2/21/2025 9:15,2,1.1
18,4,1,Сборка,2/21/2025 10:08,2/21/2025 14:30,3,0.2
18,5,6,Контроль,2/21/2025 14:58,2/21/2025 18:10,3,0.7
19,1,2,Токарная,2/24/2025 0:00,2/24/2025 4:13,3,0.5
19,2,4,Фрезерная,2/24/2025 4:46,2/24/2025 8:31,2,0.4
19,3,1,Сверлильная,2/24/2025 9:02,2/24/2025 12:43,2,0.1
20,1,6,Токарная,2/27/2025 0:00,2/27/2025 3:42,2,0.8
20,2,5,Фрезерная,2/27/2025 4:04,2/27/2025 9:03,3,0.3
20,3,5,Сверлильная,2/27/2025 9:59,2/27/2025 10:35,3,0.1
20,4,3,Сборка,2/27/2025 10:45,2/27/2025 12:33,3,1
21,1,5,Токарная,3/2/2025 0:00,3/2/2025 4:15,1,0.3
21,2,5,Фрезерная,3/2/2025 4:32,3/2/2025 5:40,1,1.1
21,3,6,Сверлильная,3/2/2025 6:36,3/2/2025 9:15,2,1.1
21,4,1,Сборка,3/2/2025 9:46,3/2/2025 13:30,2,0.8
22,1,5,Токарная,3/5/2025 0:00,3/5/2025 0:50,3,0.4
22,2,1,Фрезерная,3/5/2025 1:00,3/5/2025 3:56,1,0.3
22,3,4,Сверлильная,3/5/2025 4:01,3/5/2025 5:28,2,0.2
23,1,2,Токарная,3/8/2025 0:00,3/8/2025 0:41,3,1.1
23,2,6,Фрезерная,3/8/2025 0:53,3/8/2025 2:22,1,0.1
23,3,3,Сверлильная,3/8/2025 2:55,3/8/2025 3:32,2,0.2
23,4,3,Сборка,3/8/2025 4:28,3/8/2025 8:16,1,0.5
23,5,1,Контроль,3/8/2025 8:44,3/8/2025 9:59,2,0.7
23,6,4,Контроль,3/8/2025 10:20,3/8/2025 14:45,1,0.6
24,1,6,Токарная,3/11/2025 0:00,3/11/2025 4:03,1,0.5
24,2,3,Фрезерная,3/11/2025 4:09,3/11/2025 5:50,1,0.1
24,3,6,Сверлильная,3/11/2025 6:02,3/11/2025 8:06,3,0.9
25,1,1,Токарная,3/14/2025 0:00,3/14/2025 2:11,3,0.6
25,2,1,Фрезерная,3/14/2025 3:06,3/14/2025 5:03,1,0.9
25,3,6,Сверлильная,3/14/2025 5:53,3/14/2025 9:02,2,0.4
25,4,2,Сборка,3/14/2025 9:39,3/14/2025 13:30,1,0.2
25,5,5,Контроль,3/14/2025 14:07,3/14/2025 18:29,2,0.1
25,6,2,Контроль,3/14/2025 18:46,3/14/2025 21:11,2,0.7
26,1,6,Токарная,3/17/2025 0:00,3/17/2025 1:59,2,0.2
26,2,4,Фрезерная,3/17/2025 2:18,3/17/2025 4:33,1,0.8
26,3,6,Сверлильная,3/17/2025 4:48,3/17/2025 7:20,1,0.6
26,4,1,Сборка,3/17/2025 7:33,3/17/2025 11:45,2,0.8
27,1,6,Токарная,3/20/2025 0:00,3/20/2025 1:53,3,1.1
27,2,4,Фрезерная,3/20/2025 2:04,3/20/2025 3:57,2,1
27,3,1,Сверлильная,3/20/2025 4:23,3/20/2025 4:55,2,1.1
27,4,4,Сборка,3/20/2025 5:17,3/20/2025 5:58,1,0.9
28,1,3,Токарная,3/23/2025 0:00,3/23/2025 2:31,3,0.4
28,2,5,Фрезерная,3/23/2025 3:20,3/23/2025 7:30,3,0.3
28,3,6,Сверлильная,3/23/2025 8:18,3/23/2025 10:09,2,0.3
28,4,1,Сборка,3/23/2025 10:35,3/23/2025 11:41,3,0.3
28,5,3,Контроль,3/23/2025 12:13,3/23/2025 16:04,3,0.6
29,1,2,Токарная,3/26/2025 0:00,3/26/2025 4:02,1,0.8
29,2,4,Фрезерная,3/26/2025 4:26,3/26/2025 4:59,2,0.4
29,3,1,Сверлильная,3/26/2025 5:27,3/26/2025 6:46,3,0.9
30,1,2,Токарная,3/29/2025 0:00,3/29/2025 2:26,2,0.2
30,2,2,Фрезерная,3/29/2025 3:06,3/29/2025 7:57,3,0.3
30,3,4,Сверлильная,3/29/2025 8:55,3/29/2025 11:29,3,0.2
30,4,1,Сборка,3/29/2025 12:13,3/29/2025 13:03,3,1
31,1,6,Токарная,4/1/2025 0:00,4/1/2025 4:29,3,1
31,2,6,Фрезерная,4/1/2025 5:17,4/1/2025 6:00,2,0.7
31,3,6,Сверлильная,4/1/2025 6:41,4/1/2025 7:51,2,0.8
31,4,2,Сборка,4/1/2025 8:34,4/1/2025 10:27,3,0.6
31,5,2,Контроль,4/1/2025 10:48,4/1/2025 11:45,3,0.5
31,6,5,Контроль,4/1/2025 11:54,4/1/2025 15:07,3,1.1
32,1,6,Токарная,4/4/2025 0:00,4/4/2025 2:27,2,1
32,2,5,Фрезерная,4/4/2025 2:43,4/4/2025 7:29,3,0.1
32,3,3,Сверлильная,4/4/2025 8:27,4/4/2025 10:57,1,0.5
32,4,1,Сборка,4/4/2025 11:13,4/4/2025 14:27,1,0.8
32,5,6,Контроль,4/4/2025 15:15,4/4/2025 18:20,3,0.4
33,1,1,Токарная,4/7/2025 0:00,4/7/2025 2:39,3,0.5
33,2,3,Фрезерная,4/7/2025 3:03,4/7/2025 3:33,2,0.5
33,3,5,Сверлильная,4/7/2025 4:30,4/7/2025 5:58,1,0.1
33,4,4,Сборка,4/7/2025 6:53,4/7/2025 10:48,2,0.4
34,1,3,Токарная,4/10/2025 0:00,4/10/2025 4:05,3,0.2
34,2,3,Фрезерная,4/10/2025 4:34,4/10/2025 8:08,2,0.7
34,3,6,Сверлильная,4/10/2025 8:56,4/10/2025 11:56,1,0.4
34,4,4,Сборка,4/10/2025 12:16,4/10/2025 16:39,3,0.8
35,1,5,Токарная,4/13/2025 0:00,4/13/2025 2:38,2,0.5
35,2,2,Фрезерная,4/13/2025 3:29,4/13/2025 5:24,1,0.7
35,3,3,Сверлильная,4/13/2025 6:23,4/13/2025 10:30,2,0.2
36,1,1,Токарная,4/16/2025 0:00,4/16/2025 0:55,3,0.8
36,2,3,Фрезерная,4/16/2025 1:24,4/16/2025 1:54,3,0.5
36,3,1,Сверлильная,4/16/2025 2:46,4/16/2025 4:24,2,0.2
37,1,1,Токарная,4/19/2025 0:00,4/19/2025 1:32,1,0.9
37,2,5,Фрезерная,4/19/2025 2:01,4/19/2025 5:26,1,0.5
37,3,1,Сверлильная,4/19/2025 5:43,4/19/2025 8:51,3,0.4
37,4,6,Сборка,4/19/2025 9:29,4/19/2025 11:40,2,0.3
37,5,5,Контроль,4/19/2025 11:50,4/19/2025 13:41,1,0.7
37,6,6,Контроль,4/19/2025 14:04,4/19/2025 16:42,2,0.7
38,1,1,Токарная,4/22/2025 0:00,4/22/2025 2:52,2,0.7
38,2,1,Фрезерная,4/22/2025 3:11,4/22/2025 5:13,1,0.1
38,3,2,Сверлильная,4/22/2025 5:49,4/22/2025 8:00,3,0.3
39,1,3,Токарная,4/25/2025 0:00,4/25/2025 4:54,1,1
39,2,5,Фрезерная,4/25/2025 5:06,4/25/2025 7:32,2,0.9
39,3,2,Сверлильная,4/25/2025 7:48,4/25/2025 10:30,1,0.4
39,4,6,Сборка,4/25/2025 10:49,4/25/2025 12:01,2,0.2
40,1,3,Токарная,4/28/2025 0:00,4/28/2025 0:50,3,0.5
40,2,3,Фрезерная,4/28/2025 1:09,4/28/2025 5:01,3,0.4
40,3,6,Сверлильная,4/28/2025 5:26,4/28/2025 8:16,3,0.2
40,4,6,Сборка,4/28/2025 8:34,4/28/2025 9:55,3,0.3
40,5,2,Контроль,4/28/2025 10:07,4/28/2025 13:00,2,0.2
41,1,4,Токарная,5/1/2025 0:00,5/1/2025 1:46,2,0.9
41,2,4,Фрезерная,5/1/2025 2:20,5/1/2025 7:12,2,0.7
41,3,1,Сверлильная,5/1/2025 7:29,5/1/2025 10:37,2,1
42,1,6,Токарная,5/4/2025 0:00,5/4/2025 4:52,1,0.8
42,2,3,Фрезерная,5/4/2025 5:41,5/4/2025 6:57,1,0.7
42,3,5,Сверлильная,5/4/2025 7:23,5/4/2025 9:50,2,0.9
42,4,2,Сборка,5/4/2025 10:20,5/4/2025 10:58,2,0.9
42,5,1,Контроль,5/4/2025 11:44,5/4/2025 13:25,2,1.1
42,6,2,Контроль,5/4/2025 14:06,5/4/2025 15:43,3,0.4
43,1,3,Токарная,5/7/2025 0:00,5/7/2025 2:55,2,0.1
43,2,5,Фрезерная,5/7/2025 3:54,5/7/2025 8:25,3,0.1
43,3,2,Сверлильная,5/7/2025 9:04,5/7/2025 11:21,1,0.7
43,4,5,Сборка,5/7/2025 11:46,5/7/2025 14:45,3,0.3
44,1,3,Токарная,5/10/2025 0:00,5/10/2025 3:09,2,0.9
44,2,5,Фрезерная,5/10/2025 3:27,5/10/2025 5:13,1,0.9
44,3,5,Сверлильная,5/10/2025 5:19,5/10/2025 10:11,2,0.3
44,4,1,Сборка,5/10/2025 10:57,5/10/2025 13:31,1,1.1
44,5,6,Контроль,5/10/2025 14:14,5/10/2025 17:51,3,0.4
45,1,5,Токарная,5/13/2025 0:00,5/13/2025 1:11,2,0.4
45,2,1,Фрезерная,5/13/2025 1:55,5/13/2025 6:13,3,0.9
45,3,1,Сверлильная,5/13/2025 6:25,5/13/2025 8:04,3,0.4
45,4,4,Сборка,5/13/2025 8:21,5/13/2025 9:39,2,0.5
46,1,5,Токарная,5/16/2025 0:00,5/16/2025 3:09,2,0.8
46,2,6,Фрезерная,5/16/2025 4:03,5/16/2025 5:39,1,1
46,3,4,Сверлильная,5/16/2025 5:46,5/16/2025 8:25,2,0.6
46,4,6,Сборка,5/16/2025 8:46,5/16/2025 11:11,2,0.4
46,5,2,Контроль,5/16/2025 11:20,5/16/2025 15:17,2,0.9
47,1,1,Токарная,5/19/2025 0:00,5/19/2025 0:41,3,0.7
47,2,6,Фрезерная,5/19/2025 1:13,5/19/2025 3:37,1,0.4
47,3,4,Сверлильная,5/19/2025 4:21,5/19/2025 8:58,1,0.9
47,4,4,Сборка,5/19/2025 9:32,5/19/2025 12:30,2,0.6
47,5,1,Контроль,5/19/2025 12:52,5/19/2025 17:12,1,0.6
47,6,5,Контроль,5/19/2025 18:08,5/19/2025 22:23,2,0.4
48,1,5,Токарная,5/22/2025 0:00,5/22/2025 2:23,2,0.9
48,2,3,Фрезерная,5/22/2025 2:48,5/22/2025 7:35,1,0.9
48,3,6,Сверлильная,5/22/2025 7:40,5/22/2025 11:09,3,1
48,4,3,Сборка,5/22/2025 11:17,5/22/2025 16:08,2,1.1
48,5,4,Контроль,5/22/2025 16:27,5/22/2025 18:37,2,0.1
49,1,5,Токарная,5/25/2025 0:00,5/25/2025 1:51,3,0.8
49,2,6,Фрезерная,5/25/2025 2:37,5/25/2025 5:44,2,0.3
49,3,4,Сверлильная,5/25/2025 6:04,5/25/2025 6:40,2,0.9
49,4,2,Сборка,5/25/2025 6:59,5/25/2025 10:11,3,0.2
50,1,4,Токарная,5/28/2025 0:00,5/28/2025 3:55,2,1
50,2,6,Фрезерная,5/28/2025 4:24,5/28/2025 9:06,1,0.4
50,3,1,Сверлильная,5/28/2025 9:41,5/28/2025 14:40,2,0.6
50,4,5,Сборка,5/28/2025 15:30,5/28/2025 16:24,1,0.2
51,1,4,Токарная,5/31/2025 0:00,5/31/2025 0:54,1,0.4
51,2,5,Фрезерная,5/31/2025 1:16,5/31/2025 4:25,3,0.2
51,3,3,Сверлильная,5/31/2025 4:52,5/31/2025 5:26,2,1
52,1,2,Токарная,6/3/2025 0:00,6/3/2025 4:56,1,0.8
52,2,1,Фрезерная,6/3/2025 5:15,6/3/2025 7:07,3,0.5
52,3,6,Сверлильная,6/3/2025 7:20,6/3/2025 10:25,2,0.3
52,4,4,Сборка,6/3/2025 10:36,6/3/2025 12:25,1,0.4
53,1,1,Токарная,6/6/2025 0:00,6/6/2025 1:09,1,0.7
53,2,4,Фрезерная,6/6/2025 2:05,6/6/2025 6:15,2,0.7
53,3,5,Сверлильная,6/6/2025 7:09,6/6/2025 8:41,3,0.3
53,4,4,Сборка,6/6/2025 8:52,6/6/2025 11:56,2,0.7
53,5,5,Контроль,6/6/2025 12:37,6/6/2025 14:32,2,0.7
54,1,5,Токарная,6/9/2025 0:00,6/9/2025 4:08,2,0.6
54,2,2,Фрезерная,6/9/2025 4:27,6/9/2025 7:25,3,1
54,3,5,Сверлильная,6/9/2025 8:08,6/9/2025 9:42,1,1
54,4,5,Сборка,6/9/2025 10:36,6/9/2025 14:38,2,0.5
55,1,1,Токарная,6/12/2025 0:00,6/12/2025 3:13,3,0.1
55,2,5,Фрезерная,6/12/2025 3:28,6/12/2025 7:08,3,0.5
55,3,2,Сверлильная,6/12/2025 7:38,6/12/2025 11:23,2,0.8
55,4,5,Сборка,6/12/2025 12:02,6/12/2025 16:24,1,0.6
55,5,2,Контроль,6/12/2025 17:10,6/12/2025 18:00,1,0.1
55,6,1,Контроль,6/12/2025 18:45,6/12/2025 22:26,1,0.9
56,1,5,Токарная,6/15/2025 0:00,6/15/2025 1:29,1,1
56,2,5,Фрезерная,6/15/2025 2:23,6/15/2025 6:44,3,0.7
56,3,3,Сверлильная,6/15/2025 7:22,6/15/2025 12:15,2,0.8
56,4,1,Сборка,6/15/2025 13:08,6/15/2025 14:56,3,0.8
57,1,4,Токарная,6/18/2025 0:00,6/18/2025 1:38,1,0.7
57,2,5,Фрезерная,6/18/2025 2:19,6/18/2025 2:56,1,0.7
57,3,3,Сверлильная,6/18/2025 3:43,6/18/2025 6:01,3,0.8
57,4,4,Сборка,6/18/2025 6:22,6/18/2025 9:04,1,0.8
57,5,3,Контроль,6/18/2025 9:39,6/18/2025 13:56,3,0.3
58,1,3,Токарная,6/21/2025 0:00,6/21/2025 0:57,3,1
58,2,6,Фрезерная,6/21/2025 1:06,6/21/2025 5:56,2,0.8
58,3,4,Сверлильная,6/21/2025 6:10,6/21/2025 7:17,1,0.8
58,4,4,Сборка,6/21/2025 8:01,6/21/2025 9:19,2,0.4
58,5,1,Контроль,6/21/2025 9:37,6/21/2025 11:51,1,1
59,1,2,Токарная,6/24/2025 0:00,6/24/2025 4:44,2,0.5
59,2,3,Фрезерная,6/24/2025 5:24,6/24/2025 8:13,2,0.6
59,3,4,Сверлильная,6/24/2025 8:30,6/24/2025 12:00,2,1.1
59,4,1,Сборка,6/24/2025 12:14,6/24/2025 15:46,1,0.8
60,1,6,Токарная,6/27/2025 0:00,6/27/2025 2:23,2,0.4
60,2,3,Фрезерная,6/27/2025 2:48,6/27/2025 6:09,2,0.1
60,3,6,Сверлильная,6/27/2025 6:34,6/27/2025 9:05,3,0.7
60,4,1,Сборка,6/27/2025 9:58,6/27/2025 14:55,3,0.2
60,5,6,Контроль,6/27/2025 15:20,6/27/2025 18:18,2,0.8
60,6,4,Контроль,6/27/2025 19:08,6/27/2025 21:52,3,0.6
61,1,4,Токарная,6/30/2025 0:00,6/30/2025 0:51,1,0.2
61,2,5,Фрезерная,6/30/2025 0:57,6/30/2025 1:55,3,0.4
61,3,3,Сверлильная,6/30/2025 2:26,6/30/2025 3:45,3,0.8
61,4,5,Сборка,6/30/2025 4:33,6/30/2025 7:53,1,0.1
61,5,6,Контроль,6/30/2025 8:00,6/30/2025 11:40,3,0.7
62,1,1,Токарная,7/3/2025 0:00,7/3/2025 2:17,1,0.8
62,2,1,Фрезерная,7/3/2025 3:03,7/3/2025 6:38,1,0.3
62,3,3,Сверлильная,7/3/2025 6:43,7/3/2025 8:56,2,0.2
62,4,5,Сборка,7/3/2025 9:43,7/3/2025 10:22,2,0.7
63,1,1,Токарная,7/6/2025 0:00,7/6/2025 1:35,1,0.9
63,2,2,Фрезерная,7/6/2025 2:31,7/6/2025 4:26,2,1
63,3,1,Сверлильная,7/6/2025 5:24,7/6/2025 6:05,2,0.9
63,4,3,Сборка,7/6/2025 6:43,7/6/2025 7:32,3,0.7
63,5,5,Контроль,7/6/2025 7:42,7/6/2025 11:42,2,0.4
64,1,4,Токарная,7/9/2025 0:00,7/9/2025 2:41,2,0.8
64,2,2,Фрезерная,7/9/2025 3:39,7/9/2025 7:55,1,0.6
64,3,6,Сверлильная,7/9/2025 8:20,7/9/2025 12:11,2,0.4
65,1,4,Токарная,7/12/2025 0:00,7/12/2025 2:28,1,0.3
65,2,2,Фрезерная,7/12/2025 2:56,7/12/2025 7:14,3,0.4
65,3,2,Сверлильная,7/12/2025 7:22,7/12/2025 12:05,2,0.2
65,4,4,Сборка,7/12/2025 12:28,7/12/2025 15:36,3,0.1
65,5,6,Контроль,7/12/2025 16:26,7/12/2025 20:26,1,1
65,6,4,Контроль,7/12/2025 21:08,7/12/2025 23:34,3,0.4
66,1,1,Токарная,7/15/2025 0:00,7/15/2025 2:22,2,0.4
66,2,4,Фрезерная,7/15/2025 3:15,7/15/2025 7:55,3,1.1
66,3,1,Сверлильная,7/15/2025 8:53,7/15/2025 12:03,2,0.4
66,4,3,Сборка,7/15/2025 12:27,7/15/2025 16:56,3,0.6
66,5,4,Контроль,7/15/2025 17:47,7/15/2025 19:34,3,0.7
67,1,2,Токарная,7/18/2025 0:00,7/18/2025 1:30,2,0.3
67,2,1,Фрезерная,7/18/2025 1:47,7/18/2025 4:03,2,0.6
67,3,1,Сверлильная,7/18/2025 4:52,7/18/2025 8:39,3,0.3
67,4,6,Сборка,7/18/2025 9:36,7/18/2025 10:40,2,0.3
68,1,5,Токарная,7/21/2025 0:00,7/21/2025 1:18,2,0.5
68,2,2,Фрезерная,7/21/2025 1:58,7/21/2025 3:37,2,0.7
68,3,1,Сверлильная,7/21/2025 4:20,7/21/2025 6:58,2,0.9
69,1,1,Токарная,7/24/2025 0:00,7/24/2025 3:37,3,0.4
69,2,5,Фрезерная,7/24/2025 4:05,7/24/2025 5:10,2,0.8
69,3,6,Сверлильная,7/24/2025 5:58,7/24/2025 8:13,2,0.7
69,4,6,Сборка,7/24/2025 8:52,7/24/2025 13:01,2,0.6
70,1,5,Токарная,7/27/2025 0:00,7/27/2025 4:06,2,0.9
70,2,3,Фрезерная,7/27/2025 4:55,7/27/2025 9:12,2,1
70,3,4,Сверлильная,7/27/2025 9:59,7/27/2025 10:49,2,0.1
70,4,6,Сборка,7/27/2025 11:20,7/27/2025 11:56,3,0.2
71,1,4,Токарная,7/30/2025 0:00,7/30/2025 3:52,3,0.7
71,2,4,Фрезерная,7/30/2025 4:17,7/30/2025 7:20,2,0.9
71,3,2,Сверлильная,7/30/2025 8:01,7/30/2025 8:51,1,0.3
71,4,5,Сборка,7/30/2025 9:18,7/30/2025 13:25,1,0.3
71,5,2,Контроль,7/30/2025 14:20,7/30/2025 17:30,1,0.4
71,6,1,Контроль,7/30/2025 18:16,7/30/2025 20:11,1,0.8
72,1,1,Токарная,8/2/2025 0:00,8/2/2025 1:12,3,0.6
72,2,2,Фрезерная,8/2/2025 2:05,8/2/2025 2:51,2,0.6
72,3,2,Сверлильная,8/2/2025 3:29,8/2/2025 5:03,1,0.5
72,4,1,Сборка,8/2/2025 5:09,8/2/2025 6:00,2,1
72,5,3,Контроль,8/2/2025 6:38,8/2/2025 9:31,1,0.7
72,6,6,Контроль,8/2/2025 9:57,8/2/2025 11:42,3,1
73,1,1,Токарная,8/5/2025 0:00,8/5/2025 4:32,3,0.5
73,2,4,Фрезерная,8/5/2025 4:56,8/5/2025 7:59,2,0.4
73,3,5,Сверлильная,8/5/2025 8:25,8/5/2025 11:17,3,0.6
73,4,6,Сборка,8/5/2025 12:13,8/5/2025 14:14,3,0.9
73,5,4,Контроль,8/5/2025 14:58,8/5/2025 16:25,2,0.1
73,6,6,Контроль,8/5/2025 16:31,8/5/2025 21:08,3,0.8
74,1,4,Токарная,8/8/2025 0:00,8/8/2025 1:11,3,0.6
74,2,3,Фрезерная,8/8/2025 1:54,8/8/2025 3:52,2,1.1
74,3,3,Сверлильная,8/8/2025 4:15,8/8/2025 8:01,3,0.8
75,1,4,Токарная,8/11/2025 0:00,8/11/2025 0:37,1,0.4
75,2,1,Фрезерная,8/11/2025 1:18,8/11/2025 3:12,3,0.8
75,3,4,Сверлильная,8/11/2025 3:34,8/11/2025 4:45,2,0.2
75,4,3,Сборка,8/11/2025 4:56,8/11/2025 9:44,2,1.1
76,1,1,Токарная,8/14/2025 0:00,8/14/2025 4:09,3,0.8
76,2,3,Фрезерная,8/14/2025 4:50,8/14/2025 8:15,1,0.4
76,3,3,Сверлильная,8/14/2025 8:49,8/14/2025 13:24,1,1.1
76,4,1,Сборка,8/14/2025 14:14,8/14/2025 14:59,3,0.7
77,1,5,Токарная,8/17/2025 0:00,8/17/2025 3:07,2,0.4
77,2,2,Фрезерная,8/17/2025 3:39,8/17/2025 5:50,3,1.1
77,3,3,Сверлильная,8/17/2025 6:49,8/17/2025 9:26,1,0.9
78,1,1,Токарная,8/20/2025 0:00,8/20/2025 3:45,2,1
78,2,5,Фрезерная,8/20/2025 3:54,8/20/2025 8:10,1,0.9
78,3,3,Сверлильная,8/20/2025 9:06,8/20/2025 11:49,1,1.1
79,1,2,Токарная,8/23/2025 0:00,8/23/2025 4:02,2,0.3
79,2,2,Фрезерная,8/23/2025 4:18,8/23/2025 7:23,2,0.1
79,3,4,Сверлильная,8/23/2025 7:48,8/23/2025 11:00,2,0.9
79,4,1,Сборка,8/23/2025 11:55,8/23/2025 13:39,3,0.6
79,5,3,Контроль,8/23/2025 14:00,8/23/2025 16:17,2,1.1
80,1,5,Токарная,8/26/2025 0:00,8/26/2025 4:01,2,0.2
80,2,4,Фрезерная,8/26/2025 4:40,8/26/2025 9:17,3,0.7
80,3,4,Сверлильная,8/26/2025 9:27,8/26/2025 13:17,1,0.8
81,1,3,Токарная,8/29/2025 0:00,8/29/2025 2:37,2,0.9
81,2,5,Фрезерная,8/29/2025 3:28,8/29/2025 6:20,3,0.9
81,3,4,Сверлильная,8/29/2025 7:17,8/29/2025 10:08,1,0.7
81,4,5,Сборка,8/29/2025 10:21,8/29/2025 15:02,3,0.2
81,5,6,Контроль,8/29/2025 15:57,8/29/2025 20:11,3,1.1
82,1,2,Токарная,9/1/2025 0:00,9/1/2025 2:00,2,0.6
82,2,5,Фрезерная,9/1/2025 2:18,9/1/2025 4:27,2,0.3
82,3,6,Сверлильная,9/1/2025 4:50,9/1/2025 5:49,3,0.4
82,4,2,Сборка,9/1/2025 6:42,9/1/2025 11:41,2,0.7
82,5,6,Контроль,9/1/2025 12:07,9/1/2025 13:59,3,0.3
83,1,4,Токарная,9/4/2025 0:00,9/4/2025 3:50,1,0.7
83,2,1,Фрезерная,9/4/2025 4:08,9/4/2025 5:40,3,0.7
83,3,6,Сверлильная,9/4/2025 6:03,9/4/2025 8:32,1,0.4
83,4,1,Сборка,9/4/2025 9:16,9/4/2025 14:10,1,1.1
83,5,1,Контроль,9/4/2025 15:07,9/4/2025 19:23,3,0.9
84,1,4,Токарная,9/7/2025 0:00,9/7/2025 1:37,2,0.9
84,2,1,Фрезерная,9/7/2025 2:27,9/7/2025 4:22,3,0.7
84,3,1,Сверлильная,9/7/2025 4:42,9/7/2025 6:13,2,0.3
84,4,6,Сборка,9/7/2025 6:28,9/7/2025 8:01,2,0.5
84,5,1,Контроль,9/7/2025 8:26,9/7/2025 11:47,1,0.9
85,1,1,Токарная,9/10/2025 0:00,9/10/2025 1:04,2,0.8
85,2,5,Фрезерная,9/10/2025 1:40,9/10/2025 3:14,3,0.8
85,3,6,Сверлильная,9/10/2025 3:30,9/10/2025 5:15,3,0.9
85,4,4,Сборка,9/10/2025 5:38,9/10/2025 6:33,1,0.6
85,5,3,Контроль,9/10/2025 7:17,9/10/2025 8:07,2,0.4
85,6,4,Контроль,9/10/2025 8:40,9/10/2025 12:08,3,0.7
86,1,6,Токарная,9/13/2025 0:00,9/13/2025 4:49,1,0.3
86,2,2,Фрезерная,9/13/2025 5:15,9/13/2025 8:58,3,0.7
86,3,6,Сверлильная,9/13/2025 9:43,9/13/2025 14:29,2,0.6
86,4,1,Сборка,9/13/2025 14:58,9/13/2025 18:57,1,0.6
86,5,3,Контроль,9/13/2025 19:27,9/13/2025 22:12,2,0.1
86,6,1,Контроль,9/13/2025 22:45,9/14/2025 1:03,3,0.8
87,1,4,Токарная,9/16/2025 0:00,9/16/2025 4:26,1,0.6
87,2,3,Фрезерная,9/16/2025 5:19,9/16/2025 8:58,1,1
87,3,1,Сверлильная,9/16/2025 9:41,9/16/2025 14:15,2,1
87,4,1,Сборка,9/16/2025 15:02,9/16/2025 19:24,1,0.1
87,5,5,Контроль,9/16/2025 20:09,9/16/2025 20:55,3,1.1
88,1,5,Токарная,9/19/2025 0:00,9/19/2025 1:10,3,0.3
88,2,6,Фрезерная,9/19/2025 1:25,9/19/2025 4:01,1,0.1
88,3,3,Сверлильная,9/19/2025 4:45,9/19/2025 7:02,1,0.5
88,4,5,Сборка,9/19/2025 7:51,9/19/2025 12:48,1,1
88,5,5,Контроль,9/19/2025 13:31,9/19/2025 18:10,1,1.1
89,1,5,Токарная,9/22/2025 0:00,9/22/2025 3:07,3,0.7
89,2,4,Фрезерная,9/22/2025 4:00,9/22/2025 7:24,2,0.2
89,3,4,Сверлильная,9/22/2025 7:30,9/22/2025 10:40,2,0.5
89,4,4,Сборка,9/22/2025 11:03,9/22/2025 15:31,1,0.1
89,5,1,Контроль,9/22/2025 15:47,9/22/2025 20:19,3,0.2
90,1,2,Токарная,9/25/2025 0:00,9/25/2025 3:51,3,1.1
90,2,6,Фрезерная,9/25/2025 4:08,9/25/2025 9:03,2,0.3
90,3,1,Сверлильная,9/25/2025 10:01,9/25/2025 13:51,3,0.3
91,1,5,Токарная,9/28/2025 0:00,9/28/2025 3:04,2,0.6
91,2,1,Фрезерная,9/28/2025 3:11,9/28/2025 7:58,1,0.3
91,3,6,Сверлильная,9/28/2025 8:45,9/28/2025 12:47,1,0.9
91,4,2,Сборка,9/28/2025 13:14,9/28/2025 15:30,3,0.7
92,1,6,Токарная,10/1/2025 0:00,10/1/2025 2:31,2,0.3
92,2,4,Фрезерная,10/1/2025 2:38,10/1/2025 5:43,3,0.9
92,3,2,Сверлильная,10/1/2025 6:10,10/1/2025 7:54,3,0.9
93,1,2,Токарная,10/4/2025 0:00,10/4/2025 3:16,1,0.7
93,2,1,Фрезерная,10/4/2025 3:24,10/4/2025 4:49,1,0.4
93,3,2,Сверлильная,10/4/2025 5:12,10/4/2025 8:18,2,0.3
93,4,3,Сборка,10/4/2025 9:05,10/4/2025 11:40,1,0.1
93,5,5,Контроль,10/4/2025 12:22,10/4/2025 13:55,2,0.4
93,6,4,Контроль,10/4/2025 14:11,10/4/2025 15:11,1,0.2
94,1,3,Токарная,10/7/2025 0:00,10/7/2025 1:36,1,0.4
94,2,6,Фрезерная,10/7/2025 2:06,10/7/2025 5:10,2,1.1
94,3,3,Сверлильная,10/7/2025 5:41,10/7/2025 10:04,2,0.6
94,4,6,Сборка,10/7/2025 10:23,10/7/2025 14:57,2,0.5
95,1,5,Токарная,10/10/2025 0:00,10/10/2025 2:33,3,0.7
95,2,2,Фрезерная,10/10/2025 2:43,10/10/2025 6:28,1,0.1
95,3,3,Сверлильная,10/10/2025 7:01,10/10/2025 8:47,3,0.4
95,4,6,Сборка,10/10/2025 9:08,10/10/2025 11:26,1,0.5
96,1,5,Токарная,10/13/2025 0:00,10/13/2025 3:11,2,0.5
96,2,2,Фрезерная,10/13/2025 3:38,10/13/2025 4:49,1,0.3
96,3,4,Сверлильная,10/13/2025 5:42,10/13/2025 6:32,3,0.7
97,1,5,Токарная,10/16/2025 0:00,10/16/2025 2:01,3,0.2
97,2,4,Фрезерная,10/16/2025 2:16,10/16/2025 4:24,2,0.8
97,3,2,Сверлильная,10/16/2025 4:50,10/16/2025 9:28,3,0.5
97,4,4,Сборка,10/16/2025 10:11,10/16/2025 10:48,1,0.1
97,5,6,Контроль,10/16/2025 11:29,10/16/2025 14:42,3,1.1
98,1,6,Токарная,10/19/2025 0:00,10/19/2025 4:56,1,0.6
98,2,3,Фрезерная,10/19/2025 5:21,10/19/2025 9:56,3,0.5
98,3,4,Сверлильная,10/19/2025 10:17,10/19/2025 13:50,1,1
98,4,1,Сборка,10/19/2025 14:06,10/19/2025 15:45,3,0.3
99,1,4,Токарная,10/22/2025 0:00,10/22/2025 2:17,2,0.7
99,2,3,Фрезерная,10/22/2025 2:57,10/22/2025 5:08,1,0.8
99,3,1,Сверлильная,10/22/2025 5:35,10/22/2025 9:27,3,0.2
99,4,5,Сборка,10/22/2025 9:48,10/22/2025 13:16,2,1.1
99,5,3,Контроль,10/22/2025 13:38,10/22/2025 15:39,3,0.4
99,6,1,Контроль,10/22/2025 15:50,10/22/2025 19:02,1,0.1
100,1,3,Токарная,10/25/2025 0:00,10/25/2025 4:14,3,0.6
100,2,6,Фрезерная,10/25/2025 4:21,10/25/2025 5:03,1,0.7
100,3,6,Сверлильная,10/25/2025 5:23,10/25/2025 7:46,1,0.6
101,1,2,Токарная,10/28/2025 0:00,10/28/2025 1:23,2,0.5
101,2,2,Фрезерная,10/28/2025 1:43,10/28/2025 5:36,1,0.8
101,3,6,Сверлильная,10/28/2025 6:15,10/28/2025 9:48,1,0.3
101,4,2,Сборка,10/28/2025 10:11,10/28/2025 15:04,1,0.8
101,5,3,Контроль,10/28/2025 15:15,10/28/2025 16:14,1,0.4
102,1,5,Токарная,10/31/2025 0:00,10/31/2025 0:30,1,0.8
102,2,1,Фрезерная,10/31/2025 0:42,10/31/2025 4:19,3,0.1
102,3,2,Сверлильная,10/31/2025 4:59,10/31/2025 6:03,3,0.8
103,1,6,Токарная,11/3/2025 0:00,11/3/2025 4:49,3,0.6
103,2,3,Фрезерная,11/3/2025 5:04,11/3/2025 6:45,2,0.2
103,3,3,Сверлильная,11/3/2025 7:34,11/3/2025 9:04,3,0.6
104,1,2,Токарная,11/6/2025 0:00,11/6/2025 2:54,2,0.6
104,2,4,Фрезерная,11/6/2025 3:00,11/6/2025 3:42,2,0.7
104,3,6,Сверлильная,11/6/2025 3:49,11/6/2025 7:53,2,0.7
104,4,5,Сборка,11/6/2025 8:24,11/6/2025 10:51,3,0.5
105,1,6,Токарная,11/9/2025 0:00,11/9/2025 4:22,1,0.5
105,2,3,Фрезерная,11/9/2025 4:45,11/9/2025 6:07,1,0.9
105,3,1,Сверлильная,11/9/2025 6:33,11/9/2025 7:33,3,0.7
106,1,2,Токарная,11/12/2025 0:00,11/12/2025 1:43,2,0.4
106,2,2,Фрезерная,11/12/2025 2:07,11/12/2025 5:16,2,0.2
106,3,6,Сверлильная,11/12/2025 5:48,11/12/2025 7:10,2,0.4
106,4,2,Сборка,11/12/2025 7:27,11/12/2025 8:55,3,0.2
107,1,3,Токарная,11/15/2025 0:00,11/15/2025 2:36,1,0.1
107,2,2,Фрезерная,11/15/2025 2:55,11/15/2025 7:25,1,1
107,3,6,Сверлильная,11/15/2025 7:47,11/15/2025 9:52,2,0.1
107,4,2,Сборка,11/15/2025 10:19,11/15/2025 12:16,1,0.6
107,5,4,Контроль,11/15/2025 12:25,11/15/2025 15:31,3,0.9
107,6,3,Контроль,11/15/2025 15:36,11/15/2025 17:52,1,1.1
108,1,2,Токарная,11/18/2025 0:00,11/18/2025 2:09,3,0.3
108,2,1,Фрезерная,11/18/2025 2:26,11/18/2025 4:18,2,0.8
108,3,5,Сверлильная,11/18/2025 4:34,11/18/2025 8:02,1,1
108,4,5,Сборка,11/18/2025 8:29,11/18/2025 12:36,1,1.1
108,5,2,Контроль,11/18/2025 13:05,11/18/2025 15:34,3,0.7
108,6,5,Контроль,11/18/2025 15:59,11/18/2025 20:23,1,0.1
109,1,1,Токарная,11/21/2025 0:00,11/21/2025 0:40,3,0.9
109,2,5,Фрезерная,11/21/2025 1:14,11/21/2025 5:04,3,0.3
109,3,6,Сверлильная,11/21/2025 5:20,11/21/2025 7:30,3,0.9
109,4,6,Сборка,11/21/2025 8:09,11/21/2025 11:04,3,0.9
109,5,2,Контроль,11/21/2025 11:15,11/21/2025 11:57,1,0.4
109,6,1,Контроль,11/21/2025 12:32,11/21/2025 13:17,1,0.6
110,1,5,Токарная,11/24/2025 0:00,11/24/2025 2:09,3,0.2
110,2,4,Фрезерная,11/24/2025 2:22,11/24/2025 6:27,2,0.3
110,3,4,Сверлильная,11/24/2025 6:59,11/24/2025 9:57,2,0.6
110,4,4,Сборка,11/24/2025 10:02,11/24/2025 10:52,3,0.3
111,1,6,Токарная,11/27/2025 0:00,11/27/2025 1:18,2,1
111,2,5,Фрезерная,11/27/2025 2:15,11/27/2025 3:28,2,0.5
111,3,6,Сверлильная,11/27/2025 4:10,11/27/2025 8:57,1,0.4
112,1,1,Токарная,11/30/2025 0:00,11/30/2025 3:12,3,0.6
112,2,6,Фрезерная,11/30/2025 3:33,11/30/2025 8:30,1,1.1
112,3,2,Сверлильная,11/30/2025 8:59,11/30/2025 13:16,2,0.6
112,4,4,Сборка,11/30/2025 13:21,11/30/2025 15:49,3,0.1
113,1,4,Токарная,12/3/2025 0:00,12/3/2025 3:35,3,0.6
113,2,3,Фрезерная,12/3/2025 4:32,12/3/2025 7:51,3,0.9
113,3,5,Сверлильная,12/3/2025 8:29,12/3/2025 11:12,1,0.1
113,4,4,Сборка,12/3/2025 12:11,12/3/2025 12:47,1,1.1
113,5,4,Контроль,12/3/2025 13:44,12/3/2025 16:28,3,0.3
113,6,3,Контроль,12/3/2025 16:41,12/3/2025 19:50,1,0.7
114,1,6,Токарная,12/6/2025 0:00,12/6/2025 1:14,3,0.4
114,2,5,Фрезерная,12/6/2025 1:58,12/6/2025 5:42,1,0.2
114,3,4,Сверлильная,12/6/2025 6:20,12/6/2025 10:14,3,1
114,4,1,Сборка,12/6/2025 10:22,12/6/2025 12:21,3,0.5
114,5,4,Контроль,12/6/2025 12:57,12/6/2025 15:49,2,0.9
114,6,2,Контроль,12/6/2025 16:10,12/6/2025 17:38,3,1
115,1,5,Токарная,12/9/2025 0:00,12/9/2025 4:56,1,0.8
115,2,4,Фрезерная,12/9/2025 5:40,12/9/2025 7:17,3,1.1
115,3,4,Сверлильная,12/9/2025 7:22,12/9/2025 8:40,2,0.8
116,1,1,Токарная,12/12/2025 0:00,12/12/2025 1:26,2,0.2
116,2,2,Фрезерная,12/12/2025 1:56,12/12/2025 6:26,1,0.4
116,3,6,Сверлильная,12/12/2025 7:22,12/12/2025 11:59,1,0.2
116,4,5,Сборка,12/12/2025 12:41,12/12/2025 16:56,2,0.5
116,5,6,Контроль,12/12/2025 17:46,12/12/2025 19:17,2,0.2
116,6,6,Контроль,12/12/2025 19:35,12/12/2025 23:26,1,0.3
117,1,4,Токарная,12/15/2025 0:00,12/15/2025 2:02,1,1.1
117,2,1,Фрезерная,12/15/2025 2:50,12/15/2025 6:00,3,0.2
117,3,4,Сверлильная,12/15/2025 6:15,12/15/2025 9:20,2,0.9
117,4,3,Сборка,12/15/2025 9:40,12/15/2025 11:17,3,1
118,1,2,Токарная,12/18/2025 0:00,12/18/2025 1:58,3,0.7
118,2,6,Фрезерная,12/18/2025 2:57,12/18/2025 6:00,3,1.1
118,3,3,Сверлильная,12/18/2025 6:38,12/18/2025 8:54,1,0.2
118,4,5,Сборка,12/18/2025 9:32,12/18/2025 14:08,2,0.8
118,5,1,Контроль,12/18/2025 14:42,12/18/2025 16:45,3,0.7
119,1,2,Токарная,12/21/2025 0:00,12/21/2025 1:53,2,0.6
119,2,5,Фрезерная,12/21/2025 2:41,12/21/2025 5:27,2,0.4
119,3,2,Сверлильная,12/21/2025 6:08,12/21/2025 9:13,3,1.1
119,4,2,Сборка,12/21/2025 9:38,12/21/2025 13:43,2,0.7
119,5,6,Контроль,12/21/2025 13:55,12/21/2025 15:55,1,1.1
120,1,5,Токарная,12/24/2025 0:00,12/24/2025 2:50,2,0.4
120,2,3,Фрезерная,12/24/2025 3:03,12/24/2025 7:40,2,0.3
120,3,1,Сверлильная,12/24/2025 7:45,12/24/2025 10:54,1,0.7
120,4,6,Сборка,12/24/2025 11:47,12/24/2025 14:13,3,0.3
120,5,2,Контроль,12/24/2025 15:06,12/24/2025 17:06,2,0.1
121,1,5,Токарная,12/27/2025 0:00,12/27/2025 2:25,1,1.1
121,2,1,Фрезерная,12/27/2025 2:47,12/27/2025 5:10,2,1
121,3,2,Сверлильная,12/27/2025 5:59,12/27/2025 8:24,3,1.1
122,1,1,Токарная,12/30/2025 0:00,12/30/2025 3:42,2,0.2
122,2,4,Фрезерная,12/30/2025 4:31,12/30/2025 8:41,1,1.1
122,3,3,Сверлильная,12/30/2025 9:36,12/30/2025 12:34,2,0.3
123,1,2,Токарная,1/2/2026 0:00,1/2/2026 3:37,1,0.5
123,2,2,Фрезерная,1/2/2026 3:55,1/2/2026 6:36,3,0.2
123,3,5,Сверлильная,1/2/2026 7:32,1/2/2026 9:50,1,0.3
124,1,4,Токарная,1/5/2026 0:00,1/5/2026 1:15,2,0.9
124,2,3,Фрезерная,1/5/2026 1:46,1/5/2026 5:30,3,0.4
124,3,2,Сверлильная,1/5/2026 6:08,1/5/2026 7:01,3,0.2
124,4,4,Сборка,1/5/2026 7:54,1/5/2026 11:24,3,0.5
124,5,5,Контроль,1/5/2026 11:59,1/5/2026 16:42,2,0.9
125,1,6,Токарная,1/8/2026 0:00,1/8/2026 2:47,1,0.4
125,2,6,Фрезерная,1/8/2026 2:54,1/8/2026 6:22,3,0.4
125,3,3,Сверлильная,1/8/2026 6:54,1/8/2026 8:01,3,0.4
125,4,5,Сборка,1/8/2026 8:52,1/8/2026 12:10,1,0.7
126,1,5,Токарная,1/11/2026 0:00,1/11/2026 3:39,1,1.1
126,2,1,Фрезерная,1/11/2026 4:34,1/11/2026 8:29,2,1.1
126,3,6,Сверлильная,1/11/2026 9:20,1/11/2026 13:37,1,0.6
126,4,3,Сборка,1/11/2026 14:02,1/11/2026 18:32,3,1
127,1,6,Токарная,1/14/2026 0:00,1/14/2026 3:11,1,0.1
127,2,6,Фрезерная,1/14/2026 3:26,1/14/2026 4:05,1,0.1
127,3,4,Сверлильная,1/14/2026 4:13,1/14/2026 5:30,3,0.9
127,4,1,Сборка,1/14/2026 5:55,1/14/2026 8:06,1,0.9
127,5,1,Контроль,1/14/2026 9:01,1/14/2026 10:51,3,0.8
127,6,3,Контроль,1/14/2026 10:57,1/14/2026 13:10,2,0.1
128,1,5,Токарная,1/17/2026 0:00,1/17/2026 3:16,2,0.9
128,2,1,Фрезерная,1/17/2026 3:37,1/17/2026 8:17,1,0.9
128,3,6,Сверлильная,1/17/2026 8:34,1/17/2026 10:13,1,0.3
128,4,1,Сборка,1/17/2026 10:34,1/17/2026 12:06,3,0.7
128,5,4,Контроль,1/17/2026 12:11,1/17/2026 14:20,2,0.1
129,1,2,Токарная,1/20/2026 0:00,1/20/2026 1:47,1,0.2
129,2,3,Фрезерная,1/20/2026 2:46,1/20/2026 6:51,1,0.3
129,3,3,Сверлильная,1/20/2026 7:01,1/20/2026 10:18,1,0.1
129,4,6,Сборка,1/20/2026 10:27,1/20/2026 11:09,3,0.3
129,5,3,Контроль,1/20/2026 11:25,1/20/2026 13:14,3,1
130,1,4,Токарная,1/23/2026 0:00,1/23/2026 2:04,3,0.2
130,2,6,Фрезерная,1/23/2026 2:30,1/23/2026 3:06,3,0.3
130,3,3,Сверлильная,1/23/2026 4:00,1/23/2026 5:52,2,0.4
130,4,1,Сборка,1/23/2026 6:12,1/23/2026 8:45,1,0.5
130,5,1,Контроль,1/23/2026 9:00,1/23/2026 11:49,2,0.1
130,6,4,Контроль,1/23/2026 11:58,1/23/2026 13:24,2,0.5
131,1,1,Токарная,1/26/2026 0:00,1/26/2026 1:28,2,0.2
131,2,6,Фрезерная,1/26/2026 2:20,1/26/2026 3:08,1,1.1
131,3,4,Сверлильная,1/26/2026 3:14,1/26/2026 4:30,1,0.4
131,4,6,Сборка,1/26/2026 5:28,1/26/2026 7:16,3,0.3
131,5,4,Контроль,1/26/2026 8:14,1/26/2026 12:51,1,0.8
131,6,1,Контроль,1/26/2026 13:13,1/26/2026 17:04,1,0.8
132,1,2,Токарная,1/29/2026 0:00,1/29/2026 3:06,1,0.2
132,2,5,Фрезерная,1/29/2026 3:16,1/29/2026 4:43,2,0.9
132,3,2,Сверлильная,1/29/2026 4:52,1/29/2026 6:43,1,0.1
132,4,4,Сборка,1/29/2026 7:14,1/29/2026 10:40,3,1.1
133,1,1,Токарная,2/1/2026 0:00,2/1/2026 2:07,3,0.2
133,2,6,Фрезерная,2/1/2026 2:35,2/1/2026 4:18,2,1
133,3,5,Сверлильная,2/1/2026 5:05,2/1/2026 9:13,3,0.6
133,4,6,Сборка,2/1/2026 9:37,2/1/2026 10:47,3,0.4
134,1,3,Токарная,2/4/2026 0:00,2/4/2026 2:43,2,0.9
134,2,6,Фрезерная,2/4/2026 3:20,2/4/2026 4:37,1,1.1
134,3,4,Сверлильная,2/4/2026 5:17,2/4/2026 6:45,2,0.4
134,4,2,Сборка,2/4/2026 6:50,2/4/2026 8:42,1,1
134,5,3,Контроль,2/4/2026 9:39,2/4/2026 11:27,2,0.3
135,1,6,Токарная,2/7/2026 0:00,2/7/2026 4:37,2,0.9
135,2,1,Фрезерная,2/7/2026 5:26,2/7/2026 7:03,1,0.4
135,3,4,Сверлильная,2/7/2026 7:26,2/7/2026 10:13,1,1
136,1,6,Токарная,2/10/2026 0:00,2/10/2026 4:51,1,1
136,2,2,Фрезерная,2/10/2026 5:45,2/10/2026 7:08,3,0.4
136,3,1,Сверлильная,2/10/2026 7:33,2/10/2026 10:09,3,0.4
136,4,3,Сборка,2/10/2026 10:42,2/10/2026 12:24,2,0.3
136,5,1,Контроль,2/10/2026 12:56,2/10/2026 14:08,1,1
136,6,5,Контроль,2/10/2026 15:02,2/10/2026 19:03,3,0.1
137,1,4,Токарная,2/13/2026 0:00,2/13/2026 2:20,3,0.1
137,2,3,Фрезерная,2/13/2026 3:10,2/13/2026 4:48,2,0.8
137,3,2,Сверлильная,2/13/2026 5:03,2/13/2026 6:33,3,1
137,4,2,Сборка,2/13/2026 7:10,2/13/2026 7:55,2,0.7
137,5,3,Контроль,2/13/2026 8:09,2/13/2026 9:16,3,0.8
138,1,6,Токарная,2/16/2026 0:00,2/16/2026 2:00,3,1
138,2,5,Фрезерная,2/16/2026 2:21,2/16/2026 4:03,2,1.1
138,3,5,Сверлильная,2/16/2026 4:32,2/16/2026 8:03,1,0.2
138,4,5,Сборка,2/16/2026 8:28,2/16/2026 13:15,2,1.1
138,5,4,Контроль,2/16/2026 13:57,2/16/2026 17:14,2,1.1
139,1,2,Токарная,2/19/2026 0:00,2/19/2026 2:01,2,0.6
139,2,1,Фрезерная,2/19/2026 2:16,2/19/2026 5:51,1,0.4
139,3,5,Сверлильная,2/19/2026 6:17,2/19/2026 11:02,3,0.6
139,4,1,Сборка,2/19/2026 11:30,2/19/2026 15:26,3,0.3
139,5,1,Контроль,2/19/2026 15:44,2/19/2026 20:15,1,0.6
140,1,1,Токарная,2/22/2026 0:00,2/22/2026 2:42,2,0.5
140,2,4,Фрезерная,2/22/2026 3:36,2/22/2026 5:54,3,0.3
140,3,1,Сверлильная,2/22/2026 6:02,2/22/2026 7:40,3,0.8
141,1,5,Токарная,2/25/2026 0:00,2/25/2026 3:02,1,1
141,2,5,Фрезерная,2/25/2026 3:58,2/25/2026 7:00,3,0.7
141,3,6,Сверлильная,2/25/2026 7:36,2/25/2026 8:41,2,0.1
141,4,1,Сборка,2/25/2026 9:27,2/25/2026 11:33,1,0.9
141,5,3,Контроль,2/25/2026 11:43,2/25/2026 14:01,3,0.6
142,1,2,Токарная,2/28/2026 0:00,2/28/2026 4:50,3,0.1
142,2,1,Фрезерная,2/28/2026 5:06,2/28/2026 9:09,1,0.5
142,3,6,Сверлильная,2/28/2026 9:36,2/28/2026 12:26,3,0.7
142,4,5,Сборка,2/28/2026 13:15,2/28/2026 17:51,2,0.5
143,1,6,Токарная,3/3/2026 0:00,3/3/2026 0:47,2,0.6
143,2,6,Фрезерная,3/3/2026 1:24,3/3/2026 5:22,3,1
143,3,2,Сверлильная,3/3/2026 6:17,3/3/2026 8:48,3,0.3
143,4,1,Сборка,3/3/2026 9:28,3/3/2026 12:39,2,1.1
143,5,6,Контроль,3/3/2026 12:57,3/3/2026 16:13,3,0.3
143,6,3,Контроль,3/3/2026 17:11,3/3/2026 20:12,1,0.9
144,1,3,Токарная,3/6/2026 0:00,3/6/2026 0:48,2,0.8
144,2,6,Фрезерная,3/6/2026 1:39,3/6/2026 4:29,1,0.2
144,3,5,Сверлильная,3/6/2026 5:02,3/6/2026 9:30,1,0.5
145,1,2,Токарная,3/9/2026 0:00,3/9/2026 2:37,1,0.7
145,2,2,Фрезерная,3/9/2026 2:54,3/9/2026 3:30,1,0.7
145,3,1,Сверлильная,3/9/2026 4:27,3/9/2026 8:09,2,0.1
145,4,3,Сборка,3/9/2026 8:56,3/9/2026 9:50,1,0.3
145,5,5,Контроль,3/9/2026 10:09,3/9/2026 11:07,3,1
146,1,1,Токарная,3/12/2026 0:00,3/12/2026 3:05,1,0.9
146,2,1,Фрезерная,3/12/2026 3:31,3/12/2026 5:58,3,0.3
146,3,5,Сверлильная,3/12/2026 6:21,3/12/2026 9:09,2,0.9
147,1,2,Токарная,3/15/2026 0:00,3/15/2026 1:17,2,0.6
147,2,1,Фрезерная,3/15/2026 1:33,3/15/2026 6:01,3,0.4
147,3,2,Сверлильная,3/15/2026 6:54,3/15/2026 10:16,2,0.6
147,4,5,Сборка,3/15/2026 10:35,3/15/2026 11:24,3,1
148,1,6,Токарная,3/18/2026 0:00,3/18/2026 0:32,2,0.8
148,2,4,Фрезерная,3/18/2026 1:31,3/18/2026 3:02,3,0.4
148,3,3,Сверлильная,3/18/2026 3:17,3/18/2026 5:48,3,1.1
148,4,1,Сборка,3/18/2026 5:54,3/18/2026 7:25,1,0.2
148,5,1,Контроль,3/18/2026 7:44,3/18/2026 9:01,1,1
149,1,3,Токарная,3/21/2026 0:00,3/21/2026 3:58,1,0.3
149,2,3,Фрезерная,3/21/2026 4:46,3/21/2026 5:44,3,0.9
149,3,3,Сверлильная,3/21/2026 6:16,3/21/2026 10:20,1,1
149,4,6,Сборка,3/21/2026 11:00,3/21/2026 15:34,2,1
149,5,5,Контроль,3/21/2026 15:50,3/21/2026 19:09,1,1.1
149,6,3,Контроль,3/21/2026 20:07,3/21/2026 20:52,1,0.8
150,1,6,Токарная,3/24/2026 0:00,3/24/2026 2:03,2,1.1
150,2,2,Фрезерная,3/24/2026 2:22,3/24/2026 4:12,2,0.2
150,3,6,Сверлильная,3/24/2026 4:28,3/24/2026 7:23,1,0.6
150,4,6,Сборка,3/24/2026 8:14,3/24/2026 11:58,3,0.1
150,5,4,Контроль,3/24/2026 12:32,3/24/2026 15:54,1,1
151,1,5,Токарная,3/27/2026 0:00,3/27/2026 1:43,3,0.4
151,2,1,Фрезерная,3/27/2026 2:19,3/27/2026 6:12,1,0.5
151,3,5,Сверлильная,3/27/2026 6:38,3/27/2026 8:17,1,0.3
152,1,6,Токарная,3/30/2026 0:00,3/30/2026 2:29,2,0.6
152,2,6,Фрезерная,3/30/2026 2:58,3/30/2026 4:23,3,0.8
152,3,5,Сверлильная,3/30/2026 5:07,3/30/2026 9:51,3,0.8
153,1,3,Токарная,4/2/2026 0:00,4/2/2026 4:47,1,0.6
153,2,3,Фрезерная,4/2/2026 5:29,4/2/2026 8:54,3,1.1
153,3,2,Сверлильная,4/2/2026 9:30,4/2/2026 11:00,3,1.1
153,4,5,Сборка,4/2/2026 11:39,4/2/2026 14:31,1,0.1
154,1,5,Токарная,4/5/2026 0:00,4/5/2026 3:36,3,0.6
154,2,6,Фрезерная,4/5/2026 3:51,4/5/2026 5:46,3,0.8
154,3,3,Сверлильная,4/5/2026 6:40,4/5/2026 10:12,2,0.3
154,4,5,Сборка,4/5/2026 10:19,4/5/2026 14:16,1,1
154,5,4,Контроль,4/5/2026 14:39,4/5/2026 15:33,1,0.3
154,6,5,Контроль,4/5/2026 16:20,4/5/2026 18:03,3,0.9
155,1,3,Токарная,4/8/2026 0:00,4/8/2026 4:00,2,0.2
155,2,5,Фрезерная,4/8/2026 4:59,4/8/2026 5:56,3,1.1
155,3,5,Сверлильная,4/8/2026 6:05,4/8/2026 7:25,2,0.4
155,4,2,Сборка,4/8/2026 8:23,4/8/2026 10:45,2,0.9
155,5,3,Контроль,4/8/2026 11:03,4/8/2026 14:55,1,0.2
155,6,6,Контроль,4/8/2026 15:26,4/8/2026 16:50,2,0.8
156,1,1,Токарная,4/11/2026 0:00,4/11/2026 2:42,3,0.9
156,2,2,Фрезерная,4/11/2026 3:27,4/11/2026 6:58,2,0.3
156,3,4,Сверлильная,4/11/2026 7:03,4/11/2026 8:36,1,0.8
156,4,2,Сборка,4/11/2026 8:52,4/11/2026 12:55,3,0.1
156,5,2,Контроль,4/11/2026 13:28,4/11/2026 16:19,2,0.1
157,1,4,Токарная,4/14/2026 0:00,4/14/2026 1:12,2,0.4
157,2,3,Фрезерная,4/14/2026 1:46,4/14/2026 5:01,2,0.2
157,3,2,Сверлильная,4/14/2026 5:42,4/14/2026 10:01,2,1
157,4,4,Сборка,4/14/2026 10:16,4/14/2026 13:15,1,0.8
157,5,4,Контроль,4/14/2026 13:45,4/14/2026 17:43,3,1.1
158,1,3,Токарная,4/17/2026 0:00,4/17/2026 1:14,3,0.8
158,2,5,Фрезерная,4/17/2026 2:06,4/17/2026 5:10,3,0.8
158,3,4,Сверлильная,4/17/2026 5:23,4/17/2026 8:51,1,1
158,4,1,Сборка,4/17/2026 9:12,4/17/2026 13:40,3,0.5
158,5,5,Контроль,4/17/2026 14:14,4/17/2026 18:34,3,0.1
158,6,2,Контроль,4/17/2026 18:55,4/17/2026 20:28,2,0.3
159,1,2,Токарная,4/20/2026 0:00,4/20/2026 2:07,3,1
159,2,4,Фрезерная,4/20/2026 2:45,4/20/2026 7:25,2,0.6
159,3,5,Сверлильная,4/20/2026 7:53,4/20/2026 9:14,3,0.5
159,4,4,Сборка,4/20/2026 9:58,4/20/2026 11:39,3,0.8
159,5,5,Контроль,4/20/2026 11:54,4/20/2026 14:13,2,0.8
160,1,1,Токарная,4/23/2026 0:00,4/23/2026 0:57,1,0.4
160,2,4,Фрезерная,4/23/2026 1:38,4/23/2026 3:33,3,0.2
160,3,3,Сверлильная,4/23/2026 4:15,4/23/2026 6:54,2,0.5
160,4,6,Сборка,4/23/2026 7:36,4/23/2026 12:31,3,0.7
160,5,2,Контроль,4/23/2026 12:52,4/23/2026 14:26,1,0.7
161,1,2,Токарная,4/26/2026 0:00,4/26/2026 3:33,1,0.6
161,2,2,Фрезерная,4/26/2026 3:50,4/26/2026 5:48,3,0.8
161,3,5,Сверлильная,4/26/2026 6:09,4/26/2026 8:24,1,0.9
162,1,3,Токарная,4/29/2026 0:00,4/29/2026 4:07,1,0.2
162,2,1,Фрезерная,4/29/2026 4:24,4/29/2026 8:21,3,0.6
162,3,3,Сверлильная,4/29/2026 8:44,4/29/2026 13:22,2,0.7
162,4,3,Сборка,4/29/2026 14:05,4/29/2026 17:50,1,0.8
162,5,6,Контроль,4/29/2026 18:07,4/29/2026 22:25,3,0.9
162,6,6,Контроль,4/29/2026 22:55,4/30/2026 3:54,3,0.8
163,1,3,Токарная,5/2/2026 0:00,5/2/2026 3:09,2,0.6
163,2,6,Фрезерная,5/2/2026 3:41,5/2/2026 5:03,3,0.3
163,3,2,Сверлильная,5/2/2026 5:52,5/2/2026 10:27,2,0.6
164,1,6,Токарная,5/5/2026 0:00,5/5/2026 1:41,1,0.6
164,2,3,Фрезерная,5/5/2026 1:59,5/5/2026 3:00,2,0.3
164,3,3,Сверлильная,5/5/2026 3:16,5/5/2026 6:42,3,0.5
164,4,1,Сборка,5/5/2026 7:38,5/5/2026 10:14,3,0.5
164,5,5,Контроль,5/5/2026 10:38,5/5/2026 11:20,3,1
165,1,1,Токарная,5/8/2026 0:00,5/8/2026 3:54,2,0.4
165,2,2,Фрезерная,5/8/2026 4:31,5/8/2026 5:58,3,0.7
165,3,3,Сверлильная,5/8/2026 6:48,5/8/2026 11:41,2,1.1
166,1,1,Токарная,5/11/2026 0:00,5/11/2026 4:18,1,0.7
166,2,2,Фрезерная,5/11/2026 4:24,5/11/2026 8:59,3,0.1
166,3,2,Сверлильная,5/11/2026 9:33,5/11/2026 10:15,1,0.2
166,4,5,Сборка,5/11/2026 10:32,5/11/2026 13:52,2,0.5
166,5,1,Контроль,5/11/2026 14:44,5/11/2026 16:08,3,0.4
167,1,2,Токарная,5/14/2026 0:00,5/14/2026 3:29,3,0.5
167,2,6,Фрезерная,5/14/2026 3:56,5/14/2026 7:25,1,0.9
167,3,6,Сверлильная,5/14/2026 8:21,5/14/2026 11:07,3,0.1
168,1,1,Токарная,5/17/2026 0:00,5/17/2026 2:07,3,0.1
168,2,3,Фрезерная,5/17/2026 2:56,5/17/2026 4:37,2,0.1
168,3,2,Сверлильная,5/17/2026 5:24,5/17/2026 9:45,2,0.3
168,4,3,Сборка,5/17/2026 10:00,5/17/2026 12:12,3,0.1
168,5,5,Контроль,5/17/2026 12:49,5/17/2026 16:59,1,0.8
169,1,5,Токарная,5/20/2026 0:00,5/20/2026 2:11,1,0.3
169,2,1,Фрезерная,5/20/2026 3:09,5/20/2026 6:58,1,0.3
169,3,1,Сверлильная,5/20/2026 7:53,5/20/2026 10:41,1,0.3
169,4,3,Сборка,5/20/2026 10:47,5/20/2026 12:19,3,1.1
169,5,3,Контроль,5/20/2026 12:40,5/20/2026 13:15,2,0.2
169,6,5,Контроль,5/20/2026 13:57,5/20/2026 16:25,3,0.4
170,1,1,Токарная,5/23/2026 0:00,5/23/2026 4:07,3,0.4
170,2,1,Фрезерная,5/23/2026 4:24,5/23/2026 5:51,1,0.4
170,3,6,Сверлильная,5/23/2026 6:50,5/23/2026 10:27,3,1
170,4,3,Сборка,5/23/2026 11:06,5/23/2026 15:33,1,1
171,1,4,Токарная,5/26/2026 0:00,5/26/2026 2:06,2,0.4
171,2,4,Фрезерная,5/26/2026 2:48,5/26/2026 5:34,3,0.8
171,3,5,Сверлильная,5/26/2026 6:33,5/26/2026 9:24,1,0.2
171,4,6,Сборка,5/26/2026 9:31,5/26/2026 14:10,2,1
171,5,3,Контроль,5/26/2026 14:23,5/26/2026 15:02,3,0.8
171,6,2,Контроль,5/26/2026 15:11,5/26/2026 18:55,3,0.1
172,1,5,Токарная,5/29/2026 0:00,5/29/2026 2:14,2,0.2
172,2,4,Фрезерная,5/29/2026 2:41,5/29/2026 5:30,3,0.7
172,3,6,Сверлильная,5/29/2026 6:22,5/29/2026 9:00,1,0.2
172,4,1,Сборка,5/29/2026 9:34,5/29/2026 12:32,1,0.4
172,5,2,Контроль,5/29/2026 12:58,5/29/2026 17:40,2,0.4
173,1,5,Токарная,6/1/2026 0:00,6/1/2026 0:54,1,1
173,2,1,Фрезерная,6/1/2026 1:03,6/1/2026 2:42,3,0.7
173,3,2,Сверлильная,6/1/2026 2:50,6/1/2026 4:50,1,0.3
173,4,3,Сборка,6/1/2026 5:16,6/1/2026 8:16,2,1
174,1,3,Токарная,6/4/2026 0:00,6/4/2026 3:49,1,0.5
174,2,5,Фрезерная,6/4/2026 4:38,6/4/2026 8:08,3,0.6
174,3,1,Сверлильная,6/4/2026 8:41,6/4/2026 12:27,3,0.2
174,4,3,Сборка,6/4/2026 12:32,6/4/2026 16:09,2,1.1
174,5,4,Контроль,6/4/2026 16:41,6/4/2026 18:58,3,1
174,6,2,Контроль,6/4/2026 19:15,6/4/2026 23:24,2,0.9
175,1,5,Токарная,6/7/2026 0:00,6/7/2026 3:35,3,0.2
175,2,4,Фрезерная,6/7/2026 4:34,6/7/2026 5:34,1,0.1
175,3,5,Сверлильная,6/7/2026 6:33,6/7/2026 7:42,3,0.1
175,4,2,Сборка,6/7/2026 7:47,6/7/2026 12:25,2,1
175,5,6,Контроль,6/7/2026 12:50,6/7/2026 16:48,2,0.3
176,1,6,Токарная,6/10/2026 0:00,6/10/2026 0:37,3,0.1
176,2,5,Фрезерная,6/10/2026 0:58,6/10/2026 2:57,1,0.6
176,3,5,Сверлильная,6/10/2026 3:18,6/10/2026 5:05,2,0.3
176,4,5,Сборка,6/10/2026 5:55,6/10/2026 6:38,3,0.6
176,5,1,Контроль,6/10/2026 7:09,6/10/2026 12:07,3,0.5
176,6,6,Контроль,6/10/2026 12:46,6/10/2026 14:15,1,0.6
177,1,2,Токарная,6/13/2026 0:00,6/13/2026 4:06,2,0.5
177,2,6,Фрезерная,6/13/2026 4:36,6/13/2026 5:25,2,1.1
177,3,4,Сверлильная,6/13/2026 6:19,6/13/2026 9:14,1,0.9
177,4,4,Сборка,6/13/2026 9:32,6/13/2026 10:14,3,0.3
177,5,4,Контроль,6/13/2026 11:01,6/13/2026 15:29,3,0.1
178,1,3,Токарная,6/16/2026 0:00,6/16/2026 2:09,2,0.8
178,2,3,Фрезерная,6/16/2026 2:37,6/16/2026 5:31,2,0.1
178,3,5,Сверлильная,6/16/2026 6:10,6/16/2026 9:23,2,1
178,4,6,Сборка,6/16/2026 9:41,6/16/2026 14:09,3,0.4
178,5,2,Контроль,6/16/2026 14:58,6/16/2026 19:24,3,0.3
179,1,1,Токарная,6/19/2026 0:00,6/19/2026 3:20,3,0.2
179,2,4,Фрезерная,6/19/2026 3:32,6/19/2026 5:12,3,0.7
179,3,1,Сверлильная,6/19/2026 5:58,6/19/2026 8:32,3,1
179,4,2,Сборка,6/19/2026 9:14,6/19/2026 12:09,1,0.5
179,5,2,Контроль,6/19/2026 12:42,6/19/2026 14:11,3,0.7
179,6,5,Контроль,6/19/2026 14:20,6/19/2026 16:51,2,0.4
180,1,2,Токарная,6/22/2026 0:00,6/22/2026 0:35,2,0.8
180,2,2,Фрезерная,6/22/2026 1:11,6/22/2026 5:29,2,0.8
180,3,3,Сверлильная,6/22/2026 5:36,6/22/2026 7:51,3,0.1
180,4,6,Сборка,6/22/2026 8:27,6/22/2026 12:30,3,0.6
180,5,3,Контроль,6/22/2026 12:35,6/22/2026 15:34,1,1.1
181,1,6,Токарная,6/25/2026 0:00,6/25/2026 1:45,1,0.2
181,2,1,Фрезерная,6/25/2026 2:38,6/25/2026 7:18,1,0.7
181,3,5,Сверлильная,6/25/2026 7:32,6/25/2026 9:24,3,0.5
181,4,6,Сборка,6/25/2026 10:15,6/25/2026 15:00,1,0.2
181,5,1,Контроль,6/25/2026 15:49,6/25/2026 20:26,2,1
182,1,1,Токарная,6/28/2026 0:00,6/28/2026 2:03,1,0.3
182,2,2,Фрезерная,6/28/2026 2:59,6/28/2026 4:16,2,0.3
182,3,5,Сверлильная,6/28/2026 4:31,6/28/2026 5:11,1,0.6
182,4,6,Сборка,6/28/2026 6:00,6/28/2026 9:58,2,0.9
183,1,3,Токарная,7/1/2026 0:00,7/1/2026 1:23,3,0.1
183,2,3,Фрезерная,7/1/2026 2:18,7/1/2026 3:05,1,1.1
183,3,6,Сверлильная,7/1/2026 3:35,7/1/2026 6:28,1,1.1
183,4,2,Сборка,7/1/2026 7:19,7/1/2026 11:47,1,0.4
184,1,2,Токарная,7/4/2026 0:00,7/4/2026 2:39,3,1.1
184,2,6,Фрезерная,7/4/2026 3:10,7/4/2026 4:58,3,0.8
184,3,6,Сверлильная,7/4/2026 5:14,7/4/2026 8:04,3,0.1
184,4,5,Сборка,7/4/2026 8:25,7/4/2026 9:02,2,0.4
185,1,4,Токарная,7/7/2026 0:00,7/7/2026 3:24,1,0.7
185,2,2,Фрезерная,7/7/2026 3:44,7/7/2026 8:43,3,0.4
185,3,4,Сверлильная,7/7/2026 9:24,7/7/2026 13:08,3,0.4
185,4,5,Сборка,7/7/2026 13:31,7/7/2026 15:46,1,1.1
186,1,1,Токарная,7/10/2026 0:00,7/10/2026 2:57,2,0.4
186,2,2,Фрезерная,7/10/2026 3:03,7/10/2026 7:16,1,0.6
186,3,5,Сверлильная,7/10/2026 7:56,7/10/2026 8:55,3,0.7
186,4,3,Сборка,7/10/2026 9:33,7/10/2026 12:23,2,0.6
186,5,4,Контроль,7/10/2026 12:56,7/10/2026 13:47,3,0.4
186,6,3,Контроль,7/10/2026 14:00,7/10/2026 18:20,3,0.6
187,1,1,Токарная,7/13/2026 0:00,7/13/2026 4:28,1,0.4
187,2,4,Фрезерная,7/13/2026 5:22,7/13/2026 5:56,3,1.1
187,3,2,Сверлильная,7/13/2026 6:37,7/13/2026 8:23,1,1
187,4,4,Сборка,7/13/2026 8:58,7/13/2026 11:42,3,1
187,5,3,Контроль,7/13/2026 12:16,7/13/2026 15:24,1,0.5
187,6,5,Контроль,7/13/2026 15:59,7/13/2026 18:03,2,1.1
188,1,2,Токарная,7/16/2026 0:00,7/16/2026 2:39,1,0.7
188,2,1,Фрезерная,7/16/2026 3:36,7/16/2026 5:52,3,0.7
188,3,2,Сверлильная,7/16/2026 6:17,7/16/2026 6:50,3,0.2
188,4,1,Сборка,7/16/2026 7:06,7/16/2026 9:10,1,1.1
189,1,4,Токарная,7/19/2026 0:00,7/19/2026 1:16,1,1
189,2,4,Фрезерная,7/19/2026 1:27,7/19/2026 3:42,3,1
189,3,3,Сверлильная,7/19/2026 3:57,7/19/2026 7:17,1,0.3
189,4,2,Сборка,7/19/2026 7:33,7/19/2026 11:17,3,0.1
189,5,2,Контроль,7/19/2026 12:15,7/19/2026 15:08,2,0.4
189,6,5,Контроль,7/19/2026 15:50,7/19/2026 17:55,2,1
190,1,5,Токарная,7/22/2026 0:00,7/22/2026 1:11,2,0.6
190,2,3,Фрезерная,7/22/2026 1:35,7/22/2026 6:06,3,0.9
190,3,2,Сверлильная,7/22/2026 6:26,7/22/2026 9:37,1,0.2
191,1,4,Токарная,7/25/2026 0:00,7/25/2026 1:42,2,0.9
191,2,4,Фрезерная,7/25/2026 1:56,7/25/2026 6:11,3,0.2
191,3,4,Сверлильная,7/25/2026 6:16,7/25/2026 8:49,2,1.1
191,4,1,Сборка,7/25/2026 8:55,7/25/2026 12:03,2,0.2
191,5,4,Контроль,7/25/2026 12:36,7/25/2026 13:20,1,0.4
191,6,6,Контроль,7/25/2026 14:03,7/25/2026 16:22,1,0.2
192,1,2,Токарная,7/28/2026 0:00,7/28/2026 3:11,2,0.8
192,2,5,Фрезерная,7/28/2026 3:21,7/28/2026 4:26,2,0.4
192,3,1,Сверлильная,7/28/2026 4:55,7/28/2026 7:00,1,0.4
192,4,6,Сборка,7/28/2026 7:24,7/28/2026 8:11,3,0.7
193,1,3,Токарная,7/31/2026 0:00,7/31/2026 2:32,1,0.4
193,2,3,Фрезерная,7/31/2026 2:57,7/31/2026 5:10,2,0.7
193,3,6,Сверлильная,7/31/2026 5:45,7/31/2026 9:40,1,0.7
194,1,6,Токарная,8/3/2026 0:00,8/3/2026 3:48,3,0.1
194,2,2,Фрезерная,8/3/2026 4:33,8/3/2026 5:46,1,1.1
194,3,3,Сверлильная,8/3/2026 6:42,8/3/2026 8:55,2,1.1
195,1,6,Токарная,8/6/2026 0:00,8/6/2026 1:52,2,0.7
195,2,4,Фрезерная,8/6/2026 2:28,8/6/2026 7:08,3,0.5
195,3,6,Сверлильная,8/6/2026 7:21,8/6/2026 9:25,2,0.5
196,1,1,Токарная,8/9/2026 0:00,8/9/2026 1:41,3,1.1
196,2,3,Фрезерная,8/9/2026 2:24,8/9/2026 3:47,1,0.6
196,3,3,Сверлильная,8/9/2026 4:17,8/9/2026 5:02,2,0.3
197,1,5,Токарная,8/12/2026 0:00,8/12/2026 1:27,3,0.1
197,2,5,Фрезерная,8/12/2026 1:48,8/12/2026 5:31,2,0.8
197,3,3,Сверлильная,8/12/2026 6:04,8/12/2026 8:25,1,0.3
197,4,3,Сборка,8/12/2026 9:04,8/12/2026 12:50,1,0.4
197,5,4,Контроль,8/12/2026 13:03,8/12/2026 16:19,3,0.6
198,1,3,Токарная,8/15/2026 0:00,8/15/2026 3:22,1,0.9
198,2,5,Фрезерная,8/15/2026 3:48,8/15/2026 5:09,1,0.6
198,3,4,Сверлильная,8/15/2026 5:56,8/15/2026 9:56,2,1
198,4,2,Сборка,8/15/2026 10:48,8/15/2026 13:12,3,1.1
199,1,4,Токарная,8/18/2026 0:00,8/18/2026 2:46,3,0.7
199,2,6,Фрезерная,8/18/2026 3:41,8/18/2026 8:38,3,1
199,3,6,Сверлильная,8/18/2026 9:24,8/18/2026 10:04,2,1.1
199,4,1,Сборка,8/18/2026 10:27,8/18/2026 14:46,2,0.1
199,5,3,Контроль,8/18/2026 15:25,8/18/2026 19:46,2,0.8
199,6,5,Контроль,8/18/2026 19:57,8/19/2026 0:53,1,1
200,1,3,Токарная,8/21/2026 0:00,8/21/2026 2:49,3,0.5
200,2,5,Фрезерная,8/21/2026 3:30,8/21/2026 4:45,1,0.9
200,3,1,Сверлильная,8/21/2026 5:43,8/21/2026 7:06,2,0.4
200,4,6,Сборка,8/21/2026 7:21,8/21/2026 7:57,2,1.1
201,1,5,Токарная,8/24/2026 0:00,8/24/2026 4:04,3,0.2
201,2,1,Фрезерная,8/24/2026 4:36,8/24/2026 9:00,2,0.9
201,3,3,Сверлильная,8/24/2026 9:58,8/24/2026 10:56,1,0.4
201,4,6,Сборка,8/24/2026 11:14,8/24/2026 12:18,1,0.3
202,1,5,Токарная,8/27/2026 0:00,8/27/2026 2:02,3,0.8
202,2,3,Фрезерная,8/27/2026 2:31,8/27/2026 4:46,3,0.5
202,3,2,Сверлильная,8/27/2026 5:44,8/27/2026 10:17,2,0.7
202,4,6,Сборка,8/27/2026 10:46,8/27/2026 11:22,1,0.2
203,1,1,Токарная,8/30/2026 0:00,8/30/2026 2:47,3,0.2
203,2,1,Фрезерная,8/30/2026 3:29,8/30/2026 6:39,1,0.2
203,3,3,Сверлильная,8/30/2026 6:47,8/30/2026 9:28,2,1
204,1,6,Токарная,9/2/2026 0:00,9/2/2026 1:40,2,0.9
204,2,5,Фрезерная,9/2/2026 2:19,9/2/2026 2:56,3,0.4
204,3,3,Сверлильная,9/2/2026 3:50,9/2/2026 8:23,3,1.1
205,1,4,Токарная,9/5/2026 0:00,9/5/2026 2:55,1,0.3
205,2,3,Фрезерная,9/5/2026 3:46,9/5/2026 8:26,3,0.4
205,3,6,Сверлильная,9/5/2026 9:07,9/5/2026 9:53,2,0.7
205,4,6,Сборка,9/5/2026 10:38,9/5/2026 13:19,2,0.6
206,1,4,Токарная,9/8/2026 0:00,9/8/2026 2:17,2,0.4
206,2,5,Фрезерная,9/8/2026 2:39,9/8/2026 4:38,3,0.7
206,3,2,Сверлильная,9/8/2026 4:43,9/8/2026 6:39,1,0.6
206,4,6,Сборка,9/8/2026 6:49,9/8/2026 8:02,3,0.5
207,1,5,Токарная,9/11/2026 0:00,9/11/2026 4:43,2,0.9
207,2,2,Фрезерная,9/11/2026 5:29,9/11/2026 6:31,1,0.6
207,3,1,Сверлильная,9/11/2026 7:05,9/11/2026 10:09,2,0.5
207,4,5,Сборка,9/11/2026 10:25,9/11/2026 15:01,1,1.1
207,5,4,Контроль,9/11/2026 15:58,9/11/2026 20:45,3,0.5
208,1,3,Токарная,9/14/2026 0:00,9/14/2026 4:48,2,0.6
208,2,1,Фрезерная,9/14/2026 5:29,9/14/2026 9:04,3,1
208,3,3,Сверлильная,9/14/2026 9:19,9/14/2026 10:56,2,0.4
208,4,5,Сборка,9/14/2026 11:49,9/14/2026 13:56,2,0.2
209,1,2,Токарная,9/17/2026 0:00,9/17/2026 2:43,1,0.7
209,2,3,Фрезерная,9/17/2026 3:08,9/17/2026 4:32,3,0.7
209,3,4,Сверлильная,9/17/2026 5:04,9/17/2026 9:17,3,0.7
209,4,2,Сборка,9/17/2026 10:10,9/17/2026 15:04,1,0.6
209,5,5,Контроль,9/17/2026 15:40,9/17/2026 19:44,2,0.5
210,1,2,Токарная,9/20/2026 0:00,9/20/2026 4:40,3,0.7
210,2,3,Фрезерная,9/20/2026 5:13,9/20/2026 7:45,3,1
210,3,3,Сверлильная,9/20/2026 8:17,9/20/2026 9:15,2,0.6
210,4,3,Сборка,9/20/2026 9:32,9/20/2026 12:28,3,1
210,5,4,Контроль,9/20/2026 12:52,9/20/2026 16:16,3,0.5
211,1,5,Токарная,9/23/2026 0:00,9/23/2026 2:45,3,0.9
211,2,6,Фрезерная,9/23/2026 3:03,9/23/2026 3:47,2,0.9
211,3,5,Сверлильная,9/23/2026 4:13,9/23/2026 6:35,1,1
212,1,1,Токарная,9/26/2026 0:00,9/26/2026 2:19,1,0.2
212,2,2,Фрезерная,9/26/2026 2:35,9/26/2026 6:12,2,0.9
212,3,6,Сверлильная,9/26/2026 6:52,9/26/2026 10:12,3,0.5
212,4,2,Сборка,9/26/2026 10:59,9/26/2026 11:53,2,1.1
212,5,3,Контроль,9/26/2026 12:11,9/26/2026 15:06,3,0.9
212,6,3,Контроль,9/26/2026 15:38,9/26/2026 19:06,3,0.9
213,1,1,Токарная,9/29/2026 0:00,9/29/2026 4:09,2,0.9
213,2,6,Фрезерная,9/29/2026 4:47,9/29/2026 5:22,1,0.5
213,3,6,Сверлильная,9/29/2026 5:51,9/29/2026 8:48,2,0.2
213,4,4,Сборка,9/29/2026 8:54,9/29/2026 12:18,3,0.2
213,5,3,Контроль,9/29/2026 13:09,9/29/2026 17:47,3,0.3
213,6,6,Контроль,9/29/2026 18:30,9/29/2026 19:25,2,0.6
214,1,1,Токарная,10/2/2026 0:00,10/2/2026 4:05,1,0.3
214,2,6,Фрезерная,10/2/2026 4:52,10/2/2026 8:55,3,0.2
214,3,4,Сверлильная,10/2/2026 9:11,10/2/2026 13:20,3,0.1
214,4,3,Сборка,10/2/2026 13:43,10/2/2026 14:40,1,0.1
214,5,2,Контроль,10/2/2026 15:21,10/2/2026 17:29,3,0.3
214,6,6,Контроль,10/2/2026 18:13,10/2/2026 20:02,1,0.7
215,1,4,Токарная,10/5/2026 0:00,10/5/2026 0:45,3,0.8
215,2,5,Фрезерная,10/5/2026 1:33,10/5/2026 5:36,2,0.8
215,3,6,Сверлильная,10/5/2026 6:01,10/5/2026 7:35,3,0.3
215,4,5,Сборка,10/5/2026 8:02,10/5/2026 11:09,3,0.2
216,1,5,Токарная,10/8/2026 0:00,10/8/2026 4:14,1,0.7
216,2,3,Фрезерная,10/8/2026 4:41,10/8/2026 6:38,3,0.8
216,3,2,Сверлильная,10/8/2026 7:33,10/8/2026 10:52,3,0.6
216,4,5,Сборка,10/8/2026 11:23,10/8/2026 14:09,1,0.9
216,5,2,Контроль,10/8/2026 14:44,10/8/2026 15:34,1,0.1
217,1,6,Токарная,10/11/2026 0:00,10/11/2026 2:10,1,0.1
217,2,2,Фрезерная,10/11/2026 2:42,10/11/2026 3:36,2,0.9
217,3,5,Сверлильная,10/11/2026 3:46,10/11/2026 8:24,2,0.6
217,4,6,Сборка,10/11/2026 9:13,10/11/2026 10:57,2,0.8
217,5,3,Контроль,10/11/2026 11:04,10/11/2026 15:18,2,0.1
217,6,3,Контроль,10/11/2026 16:14,10/11/2026 20:40,2,0.1
218,1,3,Токарная,10/14/2026 0:00,10/14/2026 2:35,2,0.9
218,2,5,Фрезерная,10/14/2026 2:55,10/14/2026 7:10,3,0.7
218,3,6,Сверлильная,10/14/2026 7:33,10/14/2026 8:27,3,0.9
219,1,2,Токарная,10/17/2026 0:00,10/17/2026 4:25,2,0.9
219,2,5,Фрезерная,10/17/2026 5:14,10/17/2026 7:57,2,0.6
219,3,3,Сверлильная,10/17/2026 8:33,10/17/2026 9:50,3,1
219,4,1,Сборка,10/17/2026 10:04,10/17/2026 11:03,2,0.8
220,1,4,Токарная,10/20/2026 0:00,10/20/2026 0:44,3,0.8
220,2,1,Фрезерная,10/20/2026 0:57,10/20/2026 3:15,2,0.4
220,3,3,Сверлильная,10/20/2026 3:36,10/20/2026 6:28,1,0.4
221,1,4,Токарная,10/23/2026 0:00,10/23/2026 4:50,3,0.2
221,2,5,Фрезерная,10/23/2026 5:41,10/23/2026 10:28,1,0.4
221,3,2,Сверлильная,10/23/2026 11:14,10/23/2026 13:32,1,0.9
221,4,6,Сборка,10/23/2026 13:44,10/23/2026 15:20,1,0.5
221,5,5,Контроль,10/23/2026 15:35,10/23/2026 17:43,1,1
222,1,4,Токарная,10/26/2026 0:00,10/26/2026 2:50,1,1
222,2,2,Фрезерная,10/26/2026 3:03,10/26/2026 6:51,2,0.8
222,3,5,Сверлильная,10/26/2026 7:18,10/26/2026 9:30,3,1
222,4,1,Сборка,10/26/2026 10:25,10/26/2026 14:11,3,0.2
222,5,1,Контроль,10/26/2026 14:35,10/26/2026 19:00,1,0.2
222,6,2,Контроль,10/26/2026 19:29,10/26/2026 20:11,3,1
223,1,2,Токарная,10/29/2026 0:00,10/29/2026 3:44,3,0.2
223,2,5,Фрезерная,10/29/2026 3:59,10/29/2026 7:40,3,0.6
223,3,1,Сверлильная,10/29/2026 8:03,10/29/2026 10:56,3,0.9
223,4,6,Сборка,10/29/2026 11:44,10/29/2026 12:48,1,0.3
224,1,6,Токарная,11/1/2026 0:00,11/1/2026 0:36,3,0.1
224,2,6,Фрезерная,11/1/2026 1:05,11/1/2026 3:58,3,0.8
224,3,4,Сверлильная,11/1/2026 4:20,11/1/2026 8:29,3,1
224,4,5,Сборка,11/1/2026 8:50,11/1/2026 12:30,1,0.7
224,5,2,Контроль,11/1/2026 13:01,11/1/2026 13:40,1,0.6
224,6,6,Контроль,11/1/2026 14:08,11/1/2026 18:12,1,0.9
225,1,3,Токарная,11/4/2026 0:00,11/4/2026 3:23,2,0.3
225,2,6,Фрезерная,11/4/2026 4:01,11/4/2026 5:45,1,0.3
225,3,5,Сверлильная,11/4/2026 6:15,11/4/2026 9:40,2,0.8
226,1,4,Токарная,11/7/2026 0:00,11/7/2026 3:28,2,1.1
226,2,1,Фрезерная,11/7/2026 3:39,11/7/2026 5:57,1,0.8
226,3,3,Сверлильная,11/7/2026 6:55,11/7/2026 10:40,3,0.3
226,4,3,Сборка,11/7/2026 11:38,11/7/2026 16:04,1,1.1
227,1,1,Токарная,11/10/2026 0:00,11/10/2026 3:21,3,1.1
227,2,4,Фрезерная,11/10/2026 4:07,11/10/2026 7:34,1,0.9
227,3,5,Сверлильная,11/10/2026 7:55,11/10/2026 12:11,3,0.4
227,4,4,Сборка,11/10/2026 13:02,11/10/2026 15:10,2,0.1
228,1,2,Токарная,11/13/2026 0:00,11/13/2026 3:00,2,0.6
228,2,6,Фрезерная,11/13/2026 3:18,11/13/2026 5:06,3,0.2
228,3,3,Сверлильная,11/13/2026 5:46,11/13/2026 10:22,2,0.9
228,4,6,Сборка,11/13/2026 11:00,11/13/2026 14:38,1,0.1
228,5,4,Контроль,11/13/2026 15:16,11/13/2026 17:04,2,0.9
228,6,2,Контроль,11/13/2026 17:37,11/13/2026 19:44,2,0.7
229,1,5,Токарная,11/16/2026 0:00,11/16/2026 3:41,1,0.6
229,2,5,Фрезерная,11/16/2026 3:59,11/16/2026 7:57,2,0.9
229,3,4,Сверлильная,11/16/2026 8:31,11/16/2026 10:33,1,0.5
229,4,1,Сборка,11/16/2026 10:59,11/16/2026 13:30,3,0.1
229,5,4,Контроль,11/16/2026 13:50,11/16/2026 16:29,1,0.7
230,1,1,Токарная,11/19/2026 0:00,11/19/2026 1:50,1,0.5
230,2,3,Фрезерная,11/19/2026 2:14,11/19/2026 2:59,1,0.5
230,3,5,Сверлильная,11/19/2026 3:43,11/19/2026 7:33,2,0.9
230,4,3,Сборка,11/19/2026 7:39,11/19/2026 12:33,2,0.6
231,1,6,Токарная,11/22/2026 0:00,11/22/2026 3:06,3,0.1
231,2,1,Фрезерная,11/22/2026 3:28,11/22/2026 5:34,1,0.2
231,3,3,Сверлильная,11/22/2026 6:05,11/22/2026 9:25,1,1
231,4,4,Сборка,11/22/2026 10:10,11/22/2026 14:27,2,0.2
232,1,1,Токарная,11/25/2026 0:00,11/25/2026 1:25,1,0.8
232,2,5,Фрезерная,11/25/2026 1:47,11/25/2026 5:18,1,0.5
232,3,2,Сверлильная,11/25/2026 6:05,11/25/2026 9:43,1,0.2
232,4,3,Сборка,11/25/2026 10:10,11/25/2026 13:41,2,1
233,1,3,Токарная,11/28/2026 0:00,11/28/2026 3:45,3,0.8
233,2,6,Фрезерная,11/28/2026 4:07,11/28/2026 6:22,2,1
233,3,6,Сверлильная,11/28/2026 6:27,11/28/2026 8:04,1,0.4
233,4,3,Сборка,11/28/2026 8:58,11/28/2026 9:36,3,1
234,1,6,Токарная,12/1/2026 0:00,12/1/2026 3:28,3,0.6
234,2,6,Фрезерная,12/1/2026 3:40,12/1/2026 5:14,1,0.1
234,3,6,Сверлильная,12/1/2026 5:42,12/1/2026 7:34,3,0.9
234,4,6,Сборка,12/1/2026 8:33,12/1/2026 10:41,2,0.6
234,5,6,Контроль,12/1/2026 10:56,12/1/2026 14:57,1,0.3
234,6,2,Контроль,12/1/2026 15:42,12/1/2026 16:53,1,0.2
235,1,6,Токарная,12/4/2026 0:00,12/4/2026 3:56,2,0.3
235,2,4,Фрезерная,12/4/2026 4:55,12/4/2026 6:21,2,0.3
235,3,5,Сверлильная,12/4/2026 7:15,12/4/2026 11:02,1,0.3
235,4,5,Сборка,12/4/2026 11:07,12/4/2026 15:15,1,1.1
236,1,4,Токарная,12/7/2026 0:00,12/7/2026 0:55,1,0.4
236,2,3,Фрезерная,12/7/2026 1:09,12/7/2026 4:50,1,0.9
236,3,4,Сверлильная,12/7/2026 5:17,12/7/2026 8:47,3,0.2
236,4,6,Сборка,12/7/2026 9:37,12/7/2026 13:32,3,0.3
236,5,2,Контроль,12/7/2026 13:38,12/7/2026 14:17,1,0.1
236,6,6,Контроль,12/7/2026 14:58,12/7/2026 17:47,2,0.9
237,1,5,Токарная,12/10/2026 0:00,12/10/2026 4:28,2,0.6
237,2,1,Фрезерная,12/10/2026 4:51,12/10/2026 6:05,3,0.7
237,3,3,Сверлильная,12/10/2026 6:35,12/10/2026 7:48,2,0.1
238,1,3,Токарная,12/13/2026 0:00,12/13/2026 2:18,1,0.5
238,2,2,Фрезерная,12/13/2026 2:24,12/13/2026 3:48,1,0.7
238,3,6,Сверлильная,12/13/2026 4:30,12/13/2026 6:58,1,1
238,4,3,Сборка,12/13/2026 7:37,12/13/2026 9:25,3,0.2
238,5,1,Контроль,12/13/2026 10:02,12/13/2026 13:20,3,0.7
238,6,2,Контроль,12/13/2026 13:27,12/13/2026 14:28,3,0.7
239,1,6,Токарная,12/16/2026 0:00,12/16/2026 1:30,2,0.7
239,2,2,Фрезерная,12/16/2026 1:44,12/16/2026 3:24,2,0.4
239,3,4,Сверлильная,12/16/2026 3:49,12/16/2026 6:24,1,0.1
240,1,2,Токарная,12/19/2026 0:00,12/19/2026 3:40,3,0.8
240,2,6,Фрезерная,12/19/2026 4:00,12/19/2026 5:10,3,0.1
240,3,2,Сверлильная,12/19/2026 6:00,12/19/2026 9:36,2,0.2
240,4,5,Сборка,12/19/2026 10:16,12/19/2026 12:39,3,0.9
240,5,2,Контроль,12/19/2026 13:06,12/19/2026 16:58,1,0.5
